{"stat.pickup.minecraft.pumpkin":11,"stat.pickup.minecraft.bone":5,"stat.killEntity.quark:crab":1,"stat.entityKilledBy.Rifted_Enderman":1,"stat.drop.quark.black_ash":1,"stat.useItem.minecraft.iron_axe":2,"stat.leaveGame":2,"stat.pickup.minecraft.arrow":3,"stat.pickup.minecraft.iron_sword":1,"stat.mineBlock.minecraft.pumpkin":11,"stat.useItem.minecraft.glass_bottle":7,"stat.entityKilledBy.Witch":1,"stat.craftItem.minecraft.iron_axe":1,"stat.killEntity.vampirism.vampire":2,"stat.useItem.minecraft.potion":4,"stat.useItem.minecraft.rotten_flesh":2,"stat.jump":764,"stat.swimOneCm":30425,"stat.pickup.minecraft.coal":130,"stat.fallOneCm":18086,"stat.useItem.minecraft.planks":1,"stat.craftItem.minecraft.shield":1,"stat.useItem.minecraft.stone_axe":71,"stat.pickup.minecraft.porkchop":7,"stat.crouchOneCm":8974,"stat.pickup.minecraft.spider_eye":2,"stat.craftItem.minecraft.iron_ingot":44,"stat.pickup.minecraft.dirt":6,"stat.useItem.minecraft.dirt":5,"stat.craftItem.minecraft.iron_helmet":1,"stat.useItem.minecraft.stone_slab2":22,"stat.pickup.vampirism.vampire_fang":1,"stat.pickup.minecraft.bow":1,"stat.useItem.minecraft.water_bucket":2,"stat.craftingTableInteraction":29,"stat.pickup.minecraft.iron_ore":44,"stat.pickup.minecraft.rotten_flesh":2,"stat.pickup.minecraft.sand":6,"stat.craftItem.minecraft.furnace":1,"stat.craftItem.minecraft.stone_axe":1,"stat.craftItem.minecraft.iron_boots":1,"stat.damageTaken":1475,"stat.useItem.quark.cooked_crab_leg":1,"stat.pickup.minecraft.leather":12,"stat.craftItem.minecraft.stone_pickaxe":1,"stat.mineBlock.minecraft.furnace":5,"stat.useItem.minecraft.wooden_pickaxe":10,"stat.craftItem.minecraft.cooked_beef":13,"stat.pickup.minecraft.cobblestone":183,"stat.pickup.quark.black_ash":2,"stat.pickup.mysticalagriculture.crafting":2,"stat.pickup.minecraft.planks":38,"stat.pickup.minecraft.reeds":17,"stat.pickup.vampirism.item_tent":1,"stat.flyOneCm":148658,"stat.craftItem.minecraft.glass_bottle":3,"tombstone:undead_killed":8,"stat.mineBlock.minecraft.sand":6,"stat.useItem.minecraft.stone_pickaxe":131,"stat.useItem.minecraft.cooked_beef":1,"stat.craftItem.minecraft.iron_leggings":1,"stat.pickup.quark.tallow":8,"stat.damageDealt":4523,"stat.craftItem.minecraft.glass":6,"stat.mineBlock.minecraft.iron_ore":44,"stat.timeSinceDeath":3292,"stat.killEntity.Cow":8,"stat.mineBlock.minecraft.dirt":6,"stat.useItem.minecraft.iron_pickaxe":147,"stat.craftItem.quark.cooked_crab_leg":1,"stat.craftItem.minecraft.wooden_pickaxe":1,"stat.killEntity.Pig":3,"stat.drop.minecraft.spider_eye":2,"stat.drop.minecraft.stick":2,"stat.pickup.ancientbeasts.kunai":1,"stat.walkOneCm":68095,"stat.pickup.minecraft.crafting_table":7,"stat.useItem.minecraft.cobblestone":22,"stat.craftItem.minecraft.crafting_table":2,"stat.furnaceInteraction":60,"stat.mineBlock.minecraft.double_plant":2,"stat.mineBlock.minecraft.coal_ore":53,"stat.pickup.minecraft.log":30,"stat.pickup.minecraft.string":1,"stat.pickup.quark.crab_leg":1,"stat.pickup.minecraft.beef":16,"stat.pickup.minecraft.furnace":5,"stat.useItem.tombstone.gift":1,"stat.pickup.tombstone.crafting_ingredient":3,"stat.entityKilledBy.Skeleton":1,"stat.craftItem.minecraft.stone_slab2":0,"stat.craftItem.minecraft.iron_chestplate":1,"stat.pickup.minecraft.sapling":1,"stat.sprintOneCm":85011,"stat.craftItem.minecraft.stick":16,"stat.craftItem.minecraft.wooden_axe":1,"stat.pickup.quark.crab_shell":1,"stat.killEntity.Skeleton":4,"stat.pickup.tombstone.lollipop":1,"stat.craftItem.minecraft.bucket":1,"stat.craftItem.minecraft.planks":100,"stat.useItem.minecraft.iron_sword":15,"stat.killEntity.Bonepile":1,"stat.mineBlock.minecraft.crafting_table":7,"stat.killEntity.Spider":2,"stat.killEntity.WitherSkeleton":2,"stat.mobKills":25,"stat.mineBlock.minecraft.log":31,"stat.deaths":6,"stat.drop":4,"stat.mineBlock.minecraft.leaves":3,"stat.playOneMinute":48002,"stat.sneakTime":2666,"stat.craftItem.minecraft.iron_pickaxe":1,"stat.killEntity.Zombie":1,"stat.entityKilledBy.Bonepile":1,"stat.useItem.minecraft.wooden_axe":24,"stat.mineBlock.minecraft.stone":187,"stat.mineBlock.minecraft.tallgrass":4,"stat.diveOneCm":82536}