{"stat.pickup.tconstruct.book":4,"stat.pickup.minecraft.bone":176,"stat.entityKilledBy.Rifted_Enderman":1,"stat.useItem.minecraft.iron_axe":40,"stat.leaveGame":2,"stat.mineBlock.minecraft.pumpkin":11,"stat.mineBlock.minecraft.cobblestone":15,"stat.entityKilledBy.Witch":1,"stat.craftItem.minecraft.iron_axe":1,"stat.pickup.tconstruct.edible":4,"stat.killEntity.vampirism.vampire":9,"stat.swimOneCm":53591,"stat.craftItem.minecraft.shield":1,"stat.useItem.minecraft.planks":21,"stat.mineBlock.minecraft.web":3,"stat.drop.minecraft.cobblestone":128,"stat.pickup.minecraft.cooked_porkchop":12,"stat.pickup.minecraft.porkchop":21,"stat.pickup.minecraft.glass":6,"stat.useItem.minecraft.dirt":24,"stat.useItem.minecraft.stone_slab2":35,"stat.pickup.minecraft.bow":3,"stat.pickup.minecraft.iron_boots":2,"stat.useItem.minecraft.water_bucket":27,"stat.pickup.minecraft.rotten_flesh":57,"stat.pickup.minecraft.sand":19,"stat.craftItem.minecraft.furnace":1,"stat.useItem.minecraft.egg":2,"stat.craftItem.minecraft.stone_axe":1,"stat.craftItem.minecraft.iron_boots":1,"stat.pickup.minecraft.name_tag":29,"stat.pickup.minecraft.bucket":14,"stat.craftItem.minecraft.stone_pickaxe":1,"stat.craftItem.minecraft.cooked_beef":13,"stat.pickup.minecraft.shears":6,"stat.pickup.minecraft.cobblestone":2211,"stat.pickup.quark.black_ash":2,"stat.pickup.vampirism.item_tent":1,"stat.flyOneCm":327908,"stat.craftItem.minecraft.glass_bottle":6,"stat.mineBlock.minecraft.sand":17,"stat.killEntity.Witch":1,"stat.craftItem.toughasnails.campfire":1,"stat.drop.minecraft.wheat_seeds":1,"stat.useItem.minecraft.cooked_beef":21,"stat.pickup.quark.tallow":8,"stat.mineBlock.minecraft.iron_ore":44,"stat.timeSinceDeath":13800,"stat.useItem.minecraft.iron_pickaxe":314,"stat.craftItem.minecraft.wooden_pickaxe":1,"stat.drop.minecraft.spider_eye":2,"stat.pickup.ancientbeasts.kunai":3,"stat.craftItem.minecraft.glass_pane":16,"stat.furnaceInteraction":80,"stat.drop.minecraft.gravel":1,"stat.drop.minecraft.dirt":1,"stat.pickup.guideapi.cyclicmagic-guide":2,"stat.useItem.minecraft.cooked_porkchop":7,"stat.killEntity.ZombieVillager":3,"stat.pickup.harvestcraft.cornitem":1,"stat.mineBlock.minecraft.coal_ore":53,"stat.useItem.tombstone.lollipop":3,"stat.pickup.minecraft.shield":7,"stat.pickup.minecraft.string":85,"stat.craftItem.vampirism.item_coffin":1,"stat.pickup.minecraft.beef":16,"stat.pickup.quark.crab_leg":1,"stat.pickup.minecraft.furnace":20,"stat.pickup.tombstone.crafting_ingredient":177,"stat.entityKilledBy.Skeleton":1,"stat.craftItem.minecraft.stone_slab2":0,"stat.sprintOneCm":189506,"stat.pickup.minecraft.iron_chestplate":8,"stat.craftItem.minecraft.stick":16,"stat.craftItem.minecraft.wooden_axe":1,"stat.pickup.tombstone.magic_scroll":7,"stat.pickup.quark.crab_shell":3,"stat.pickup.tombstone.lollipop":9,"stat.pickup.minecraft.potion":10,"stat.craftItem.toughasnails.canteen":1,"stat.mineBlock.minecraft.crafting_table":9,"stat.pickup.vampirism.item_coffin":2,"stat.deaths":9,"stat.drop":29,"stat.pickup.minecraft.egg":2,"stat.playOneMinute":109202,"stat.drop.minecraft.string":2,"stat.pickup.abyssalcraft.dirtyplate":8,"stat.craftItem.minecraft.iron_pickaxe":1,"stat.killEntity.Zombie":9,"stat.entityKilledBy.Bonepile":1,"stat.drop.minecraft.glass_bottle":2,"stat.drop.tombstone.lollipop":2,"stat.pickup.toughasnails.canteen":9,"stat.mineBlock.minecraft.tallgrass":9,"stat.diveOneCm":147026,"stat.pickup.minecraft.pumpkin":389,"stat.killEntity.quark:crab":1,"stat.drop.quark.black_ash":1,"stat.pickup.minecraft.gravel":1,"stat.pickup.minecraft.arrow":93,"stat.pickup.minecraft.iron_sword":4,"stat.craftItem.minecraft.cooked_porkchop":14,"stat.useItem.minecraft.glass_bottle":7,"stat.pickup.minecraft.stone_axe":7,"stat.mineBlock.toughasnails.campfire":1,"stat.useItem.minecraft.potion":6,"stat.useItem.minecraft.rotten_flesh":23,"stat.drop.minecraft.cooked_porkchop":11,"stat.jump":1734,"stat.pickup.minecraft.coal":582,"stat.pickup.minecraft.iron_helmet":5,"stat.fallOneCm":43255,"stat.pickup.minecraft.iron_ingot":100,"stat.drop.toughasnails.canteen":5,"stat.useItem.minecraft.stone_axe":71,"stat.drop.minecraft.stone_sword":1,"stat.crouchOneCm":17449,"stat.mineBlock.minecraft.chest":1,"stat.pickup.minecraft.spider_eye":2,"stat.craftItem.minecraft.iron_ingot":44,"stat.craftItem.minecraft.chest":1,"stat.pickup.minecraft.dirt":196,"stat.craftItem.minecraft.iron_helmet":1,"stat.entityKilledBy.evilcraft.vengeance_spirit":2,"stat.pickup.vampirism.vampire_fang":34,"stat.pickup.harvestcraft.bellpepperitem":1,"stat.craftingTableInteraction":42,"stat.pickup.minecraft.iron_ore":44,"stat.craftItem.abyssalcraft.ironp":2,"stat.pickup.minecraft.iron_axe":13,"stat.damageTaken":3270,"stat.useItem.quark.cooked_crab_leg":1,"stat.pickup.minecraft.leather":256,"stat.pickup.minecraft.feather":30,"stat.mineBlock.minecraft.furnace":6,"stat.killEntity.tconstruct.blueslime":9,"stat.useItem.minecraft.wooden_pickaxe":10,"stat.useItem.minecraft.furnace":1,"stat.drop.abyssalcraft.porkp":1,"stat.pickup.mysticalagriculture.crafting":53,"stat.pickup.minecraft.planks":1771,"stat.pickup.minecraft.reeds":457,"stat.pickup.minecraft.iron_leggings":15,"tombstone:undead_killed":27,"stat.pickup.conarm.book":2,"stat.pickup.minecraft.wheat_seeds":3,"stat.pickup.minecraft.potato":1,"stat.useItem.minecraft.stone_pickaxe":131,"stat.drop.mysticalagriculture.crafting":4,"stat.craftItem.minecraft.iron_leggings":1,"stat.useItem.minecraft.stone_sword":5,"stat.damageDealt":9745,"stat.craftItem.minecraft.glass":26,"stat.useItem.abyssalcraft.porkp":1,"stat.killEntity.Cow":8,"stat.mineBlock.minecraft.dirt":12,"stat.craftItem.quark.cooked_crab_leg":1,"stat.killEntity.Pig":3,"stat.drop.minecraft.stick":2,"stat.walkOneCm":179303,"stat.playerKills":1,"stat.drop.minecraft.rotten_flesh":20,"stat.pickup.minecraft.crafting_table":10,"stat.useItem.minecraft.cobblestone":50,"stat.craftItem.minecraft.crafting_table":3,"stat.mineBlock.minecraft.double_plant":3,"stat.pickup.minecraft.log":124,"stat.pickup.minecraft.iron_pickaxe":14,"stat.useItem.tombstone.gift":1,"stat.pickup.openblocks.info_book":2,"stat.pickup.minecraft.stone":16,"stat.drop.minecraft.planks":10,"stat.craftItem.minecraft.iron_chestplate":1,"stat.drop.minecraft.sapling":1,"stat.pickup.minecraft.chicken":1,"stat.drop.minecraft.potato":1,"stat.killEntity.vampirism.advanced_vampire":1,"stat.pickup.minecraft.sapling":2,"stat.pickup.minecraft.cooked_beef":36,"tombstone:eaten_lollipop":3,"stat.killEntity.Skeleton":5,"stat.drop.minecraft.bow":1,"stat.craftItem.minecraft.bucket":1,"stat.craftItem.minecraft.planks":120,"stat.useItem.minecraft.iron_sword":72,"stat.killEntity.Bonepile":1,"stat.killEntity.Chicken":2,"stat.pickup.guideapi.vampirism-guide":4,"stat.killEntity.Spider":3,"stat.pickup.harvestcraft.strawberryitem":2,"stat.killEntity.WitherSkeleton":3,"stat.pickup.minecraft.stone_sword":1,"stat.pickup.minecraft.bread":2,"stat.killEntity.quark:dweller":2,"stat.mobKills":67,"stat.killEntity.Boulderer":1,"stat.mineBlock.minecraft.log":31,"stat.craftItem.minecraft.shears":1,"stat.pickup.minecraft.water_bucket":8,"stat.mineBlock.minecraft.leaves":3,"stat.sneakTime":5811,"stat.pickup.minecraft.wool":90,"stat.pickup.evilcraft.werewolf_flesh":10,"stat.craftItem.abyssalcraft.porkp":2,"stat.useItem.minecraft.wooden_axe":24,"stat.mineBlock.minecraft.stone":337,"stat.craftItem.vampirism.injection":2,"stat.pickup.minecraft.chest":1}