{"stat.pickup.tconstruct.book":4,"stat.pickup.minecraft.pumpkin":33,"stat.pickup.minecraft.bone":15,"stat.killEntity.quark:crab":1,"stat.entityKilledBy.Rifted_Enderman":1,"stat.drop.quark.black_ash":1,"stat.useItem.minecraft.iron_axe":8,"stat.leaveGame":2,"stat.pickup.minecraft.arrow":9,"stat.pickup.minecraft.iron_sword":4,"stat.mineBlock.minecraft.pumpkin":11,"stat.useItem.minecraft.glass_bottle":7,"stat.craftItem.minecraft.cooked_porkchop":14,"stat.mineBlock.minecraft.cobblestone":15,"stat.pickup.minecraft.stone_axe":7,"stat.mineBlock.toughasnails.campfire":1,"stat.entityKilledBy.Witch":1,"stat.craftItem.minecraft.iron_axe":1,"stat.killEntity.vampirism.vampire":7,"stat.useItem.minecraft.potion":6,"stat.useItem.minecraft.rotten_flesh":23,"stat.jump":1057,"stat.swimOneCm":40895,"stat.pickup.minecraft.coal":174,"stat.pickup.minecraft.iron_helmet":2,"stat.fallOneCm":25384,"stat.useItem.minecraft.planks":1,"stat.craftItem.minecraft.shield":1,"stat.pickup.minecraft.iron_ingot":2,"stat.mineBlock.minecraft.web":1,"stat.useItem.minecraft.stone_axe":71,"stat.pickup.minecraft.porkchop":21,"stat.crouchOneCm":15305,"stat.pickup.minecraft.glass":6,"stat.mineBlock.minecraft.chest":1,"stat.pickup.minecraft.spider_eye":2,"stat.craftItem.minecraft.iron_ingot":44,"stat.craftItem.minecraft.chest":1,"stat.pickup.minecraft.dirt":66,"stat.useItem.minecraft.dirt":24,"stat.craftItem.minecraft.iron_helmet":1,"stat.useItem.minecraft.stone_slab2":31,"stat.pickup.vampirism.vampire_fang":3,"stat.pickup.minecraft.bow":3,"stat.pickup.minecraft.iron_boots":2,"stat.useItem.minecraft.water_bucket":18,"stat.craftingTableInteraction":36,"stat.pickup.minecraft.iron_ore":44,"stat.pickup.minecraft.rotten_flesh":23,"stat.craftItem.abyssalcraft.ironp":2,"stat.pickup.minecraft.sand":6,"stat.craftItem.minecraft.furnace":1,"stat.craftItem.minecraft.stone_axe":1,"stat.craftItem.minecraft.iron_boots":1,"stat.damageTaken":2090,"stat.useItem.quark.cooked_crab_leg":1,"stat.pickup.minecraft.leather":32,"stat.pickup.minecraft.name_tag":1,"stat.craftItem.minecraft.stone_pickaxe":1,"stat.mineBlock.minecraft.furnace":6,"stat.useItem.minecraft.wooden_pickaxe":10,"stat.craftItem.minecraft.cooked_beef":13,"stat.pickup.minecraft.cobblestone":932,"stat.pickup.quark.black_ash":2,"stat.pickup.mysticalagriculture.crafting":9,"stat.pickup.minecraft.planks":218,"stat.pickup.minecraft.reeds":51,"stat.pickup.vampirism.item_tent":1,"stat.pickup.minecraft.iron_leggings":3,"stat.flyOneCm":186707,"stat.craftItem.minecraft.glass_bottle":3,"tombstone:undead_killed":18,"stat.pickup.conarm.book":2,"stat.mineBlock.minecraft.sand":6,"stat.craftItem.toughasnails.campfire":1,"stat.useItem.minecraft.stone_pickaxe":131,"stat.drop.mysticalagriculture.crafting":4,"stat.useItem.minecraft.cooked_beef":21,"stat.craftItem.minecraft.iron_leggings":1,"stat.pickup.quark.tallow":8,"stat.damageDealt":7766,"stat.craftItem.minecraft.glass":6,"stat.mineBlock.minecraft.iron_ore":44,"stat.timeSinceDeath":28492,"stat.killEntity.Cow":8,"stat.mineBlock.minecraft.dirt":10,"stat.useItem.minecraft.iron_pickaxe":314,"stat.craftItem.quark.cooked_crab_leg":1,"stat.craftItem.minecraft.wooden_pickaxe":1,"stat.killEntity.Pig":3,"stat.drop.minecraft.spider_eye":2,"stat.drop.minecraft.stick":2,"stat.pickup.ancientbeasts.kunai":3,"stat.walkOneCm":107477,"stat.pickup.minecraft.crafting_table":10,"stat.useItem.minecraft.cobblestone":49,"stat.craftItem.minecraft.crafting_table":2,"stat.furnaceInteraction":65,"stat.mineBlock.minecraft.double_plant":2,"stat.pickup.guideapi.cyclicmagic-guide":2,"stat.useItem.minecraft.cooked_porkchop":6,"stat.killEntity.ZombieVillager":3,"stat.mineBlock.minecraft.coal_ore":53,"stat.useItem.tombstone.lollipop":2,"stat.pickup.minecraft.shield":2,"stat.pickup.minecraft.log":40,"stat.pickup.minecraft.string":4,"stat.pickup.quark.crab_leg":1,"stat.pickup.minecraft.beef":16,"stat.pickup.minecraft.iron_pickaxe":2,"stat.pickup.minecraft.furnace":6,"stat.useItem.tombstone.gift":1,"stat.pickup.openblocks.info_book":2,"stat.pickup.tombstone.crafting_ingredient":21,"stat.entityKilledBy.Skeleton":1,"stat.craftItem.minecraft.stone_slab2":0,"stat.pickup.minecraft.stone":2,"stat.craftItem.minecraft.iron_chestplate":1,"stat.drop.minecraft.sapling":1,"stat.killEntity.vampirism.advanced_vampire":1,"stat.pickup.minecraft.sapling":2,"stat.sprintOneCm":110996,"stat.pickup.minecraft.iron_chestplate":2,"stat.pickup.minecraft.cooked_beef":36,"stat.craftItem.minecraft.stick":16,"stat.craftItem.minecraft.wooden_axe":1,"tombstone:eaten_lollipop":2,"stat.pickup.quark.crab_shell":3,"stat.killEntity.Skeleton":4,"stat.drop.minecraft.bow":1,"stat.pickup.tombstone.lollipop":3,"stat.craftItem.minecraft.bucket":1,"stat.craftItem.minecraft.planks":100,"stat.useItem.minecraft.iron_sword":71,"stat.pickup.minecraft.potion":10,"stat.killEntity.Bonepile":1,"stat.craftItem.toughasnails.canteen":1,"stat.pickup.guideapi.vampirism-guide":4,"stat.mineBlock.minecraft.crafting_table":9,"stat.killEntity.Spider":2,"stat.killEntity.WitherSkeleton":3,"stat.killEntity.quark:dweller":2,"stat.mobKills":44,"stat.killEntity.Boulderer":1,"stat.mineBlock.minecraft.log":31,"stat.craftItem.minecraft.shears":1,"stat.deaths":6,"stat.pickup.minecraft.water_bucket":2,"stat.drop":9,"stat.mineBlock.minecraft.leaves":3,"stat.playOneMinute":73202,"stat.sneakTime":5212,"stat.craftItem.minecraft.iron_pickaxe":1,"stat.pickup.minecraft.wool":6,"stat.pickup.evilcraft.werewolf_flesh":8,"stat.craftItem.abyssalcraft.porkp":2,"stat.killEntity.Zombie":3,"stat.entityKilledBy.Bonepile":1,"stat.useItem.minecraft.wooden_axe":24,"stat.drop.minecraft.glass_bottle":2,"stat.mineBlock.minecraft.stone":337,"stat.mineBlock.minecraft.tallgrass":4,"stat.diveOneCm":105000,"stat.pickup.minecraft.chest":1}