{"stat.walkOneCm":16216,"stat.pickup.minecraft.bone":2,"stat.pickup.minecraft.arrow":2,"stat.pickup.minecraft.crafting_table":2,"stat.useItem.minecraft.cobblestone":3,"stat.craftItem.minecraft.crafting_table":1,"stat.furnaceInteraction":13,"stat.mineBlock.minecraft.double_plant":2,"stat.mineBlock.minecraft.coal_ore":27,"stat.pickup.minecraft.log":14,"stat.jump":120,"stat.swimOneCm":7699,"stat.pickup.minecraft.coal":27,"stat.fallOneCm":2209,"stat.pickup.minecraft.furnace":1,"stat.pickup.tombstone.crafting_ingredient":2,"stat.craftItem.minecraft.stone_slab2":0,"stat.crouchOneCm":5440,"stat.craftItem.minecraft.iron_ingot":8,"stat.pickup.minecraft.dirt":6,"stat.useItem.minecraft.dirt":5,"stat.sprintOneCm":9369,"stat.useItem.minecraft.stone_slab2":8,"stat.craftItem.minecraft.stick":8,"stat.craftItem.minecraft.wooden_axe":1,"stat.craftingTableInteraction":14,"stat.pickup.minecraft.iron_ore":23,"stat.pickup.minecraft.rotten_flesh":2,"stat.killEntity.Skeleton":1,"stat.craftItem.minecraft.furnace":1,"stat.craftItem.minecraft.bucket":1,"stat.craftItem.minecraft.planks":56,"stat.damageTaken":465,"stat.mineBlock.minecraft.crafting_table":2,"stat.craftItem.minecraft.stone_pickaxe":1,"stat.mineBlock.minecraft.furnace":1,"stat.useItem.minecraft.wooden_pickaxe":4,"stat.mobKills":3,"stat.pickup.minecraft.cobblestone":58,"stat.mineBlock.minecraft.log":14,"stat.pickup.minecraft.planks":36,"stat.pickup.minecraft.reeds":9,"stat.flyOneCm":11849,"stat.deaths":1,"tombstone:undead_killed":2,"stat.playOneMinute":13020,"stat.useItem.minecraft.stone_pickaxe":35,"stat.sneakTime":1351,"stat.craftItem.minecraft.iron_pickaxe":1,"stat.damageDealt":689,"stat.mineBlock.minecraft.iron_ore":23,"stat.killEntity.Zombie":1,"stat.timeSinceDeath":8079,"stat.useItem.minecraft.wooden_axe":15,"stat.mineBlock.minecraft.dirt":6,"stat.useItem.minecraft.iron_pickaxe":71,"stat.craftItem.minecraft.wooden_pickaxe":1,"stat.mineBlock.minecraft.stone":59,"stat.mineBlock.minecraft.tallgrass":4,"stat.diveOneCm":8901}