{"stat.pickup.minecraft.bone":2,"stat.leaveGame":1,"stat.pickup.minecraft.arrow":2,"stat.entityKilledBy.Witch":1,"stat.useItem.minecraft.rotten_flesh":2,"stat.jump":172,"stat.swimOneCm":15014,"stat.pickup.minecraft.coal":78,"stat.fallOneCm":3116,"stat.useItem.minecraft.planks":1,"stat.craftItem.minecraft.shield":1,"stat.useItem.minecraft.stone_axe":1,"stat.crouchOneCm":8391,"stat.pickup.minecraft.spider_eye":1,"stat.craftItem.minecraft.iron_ingot":23,"stat.pickup.minecraft.dirt":6,"stat.useItem.minecraft.dirt":5,"stat.useItem.minecraft.stone_slab2":12,"stat.useItem.minecraft.water_bucket":1,"stat.craftingTableInteraction":19,"stat.pickup.minecraft.iron_ore":24,"stat.pickup.minecraft.rotten_flesh":2,"stat.craftItem.minecraft.furnace":1,"stat.craftItem.minecraft.stone_axe":1,"stat.damageTaken":694,"stat.craftItem.minecraft.stone_pickaxe":1,"stat.mineBlock.minecraft.furnace":2,"stat.useItem.minecraft.wooden_pickaxe":10,"stat.pickup.minecraft.cobblestone":183,"stat.pickup.minecraft.planks":36,"stat.pickup.minecraft.reeds":9,"stat.flyOneCm":13562,"tombstone:undead_killed":2,"stat.useItem.minecraft.stone_pickaxe":131,"stat.craftItem.minecraft.iron_leggings":1,"stat.damageDealt":1043,"stat.mineBlock.minecraft.iron_ore":24,"stat.timeSinceDeath":5024,"stat.mineBlock.minecraft.dirt":6,"stat.useItem.minecraft.iron_pickaxe":122,"stat.craftItem.minecraft.wooden_pickaxe":1,"stat.walkOneCm":31668,"stat.pickup.minecraft.crafting_table":5,"stat.useItem.minecraft.cobblestone":6,"stat.craftItem.minecraft.crafting_table":1,"stat.furnaceInteraction":23,"stat.mineBlock.minecraft.double_plant":2,"stat.mineBlock.minecraft.coal_ore":53,"stat.pickup.minecraft.log":14,"stat.pickup.minecraft.furnace":2,"stat.pickup.tombstone.crafting_ingredient":2,"stat.craftItem.minecraft.stone_slab2":0,"stat.craftItem.minecraft.iron_chestplate":1,"stat.sprintOneCm":12918,"stat.craftItem.minecraft.stick":12,"stat.craftItem.minecraft.wooden_axe":1,"stat.killEntity.Skeleton":1,"stat.craftItem.minecraft.bucket":1,"stat.craftItem.minecraft.planks":56,"stat.mineBlock.minecraft.crafting_table":5,"stat.killEntity.Spider":1,"stat.mobKills":4,"stat.mineBlock.minecraft.log":14,"stat.deaths":3,"stat.playOneMinute":24177,"stat.sneakTime":2149,"stat.craftItem.minecraft.iron_pickaxe":1,"stat.killEntity.Zombie":1,"stat.useItem.minecraft.wooden_axe":24,"stat.mineBlock.minecraft.stone":185,"stat.mineBlock.minecraft.tallgrass":4,"stat.diveOneCm":44582}