{"stat.pickup.tconstruct.book":4,"stat.pickup.minecraft.pumpkin":33,"stat.pickup.minecraft.bone":15,"stat.killEntity.quark:crab":1,"stat.entityKilledBy.Rifted_Enderman":1,"stat.drop.quark.black_ash":1,"stat.useItem.minecraft.iron_axe":7,"stat.leaveGame":2,"stat.pickup.minecraft.arrow":9,"stat.pickup.minecraft.iron_sword":4,"stat.mineBlock.minecraft.pumpkin":11,"stat.useItem.minecraft.glass_bottle":7,"stat.craftItem.minecraft.cooked_porkchop":14,"stat.mineBlock.minecraft.cobblestone":9,"stat.pickup.minecraft.stone_axe":7,"stat.entityKilledBy.Witch":1,"stat.craftItem.minecraft.iron_axe":1,"stat.killEntity.vampirism.vampire":3,"stat.useItem.minecraft.potion":6,"stat.useItem.minecraft.rotten_flesh":2,"stat.jump":987,"stat.swimOneCm":35550,"stat.pickup.minecraft.coal":174,"stat.pickup.minecraft.iron_helmet":2,"stat.fallOneCm":24505,"stat.useItem.minecraft.planks":1,"stat.craftItem.minecraft.shield":1,"stat.pickup.minecraft.iron_ingot":2,"stat.mineBlock.minecraft.web":1,"stat.useItem.minecraft.stone_axe":71,"stat.pickup.minecraft.porkchop":21,"stat.crouchOneCm":11000,"stat.pickup.minecraft.glass":6,"stat.pickup.minecraft.spider_eye":2,"stat.craftItem.minecraft.iron_ingot":44,"stat.craftItem.minecraft.chest":1,"stat.pickup.minecraft.dirt":6,"stat.useItem.minecraft.dirt":5,"stat.craftItem.minecraft.iron_helmet":1,"stat.useItem.minecraft.stone_slab2":26,"stat.pickup.vampirism.vampire_fang":1,"stat.pickup.minecraft.bow":3,"stat.pickup.minecraft.iron_boots":2,"stat.useItem.minecraft.water_bucket":10,"stat.craftingTableInteraction":32,"stat.pickup.minecraft.iron_ore":44,"stat.pickup.minecraft.rotten_flesh":2,"stat.pickup.minecraft.sand":6,"stat.craftItem.minecraft.furnace":1,"stat.craftItem.minecraft.stone_axe":1,"stat.craftItem.minecraft.iron_boots":1,"stat.damageTaken":1625,"stat.useItem.quark.cooked_crab_leg":1,"stat.pickup.minecraft.leather":32,"stat.pickup.minecraft.name_tag":1,"stat.craftItem.minecraft.stone_pickaxe":1,"stat.mineBlock.minecraft.furnace":6,"stat.useItem.minecraft.wooden_pickaxe":10,"stat.craftItem.minecraft.cooked_beef":13,"stat.pickup.minecraft.cobblestone":856,"stat.pickup.quark.black_ash":2,"stat.pickup.mysticalagriculture.crafting":6,"stat.pickup.minecraft.planks":178,"stat.pickup.minecraft.reeds":51,"stat.pickup.vampirism.item_tent":1,"stat.pickup.minecraft.iron_leggings":2,"stat.flyOneCm":185757,"stat.craftItem.minecraft.glass_bottle":3,"tombstone:undead_killed":10,"stat.pickup.conarm.book":2,"stat.mineBlock.minecraft.sand":6,"stat.useItem.minecraft.stone_pickaxe":131,"stat.drop.mysticalagriculture.crafting":4,"stat.useItem.minecraft.cooked_beef":9,"stat.craftItem.minecraft.iron_leggings":1,"stat.pickup.quark.tallow":8,"stat.damageDealt":4854,"stat.craftItem.minecraft.glass":6,"stat.mineBlock.minecraft.iron_ore":44,"stat.timeSinceDeath":15892,"stat.killEntity.Cow":8,"stat.mineBlock.minecraft.dirt":9,"stat.useItem.minecraft.iron_pickaxe":239,"stat.craftItem.quark.cooked_crab_leg":1,"stat.craftItem.minecraft.wooden_pickaxe":1,"stat.killEntity.Pig":3,"stat.drop.minecraft.spider_eye":2,"stat.drop.minecraft.stick":2,"stat.pickup.ancientbeasts.kunai":3,"stat.walkOneCm":82173,"stat.pickup.minecraft.crafting_table":9,"stat.useItem.minecraft.cobblestone":41,"stat.craftItem.minecraft.crafting_table":2,"stat.furnaceInteraction":65,"stat.mineBlock.minecraft.double_plant":2,"stat.pickup.guideapi.cyclicmagic-guide":2,"stat.mineBlock.minecraft.coal_ore":53,"stat.useItem.tombstone.lollipop":2,"stat.pickup.minecraft.shield":2,"stat.pickup.minecraft.log":40,"stat.pickup.minecraft.string":4,"stat.pickup.quark.crab_leg":1,"stat.pickup.minecraft.beef":16,"stat.pickup.minecraft.iron_pickaxe":2,"stat.pickup.minecraft.furnace":6,"stat.useItem.tombstone.gift":1,"stat.pickup.openblocks.info_book":2,"stat.pickup.tombstone.crafting_ingredient":19,"stat.entityKilledBy.Skeleton":1,"stat.craftItem.minecraft.stone_slab2":0,"stat.craftItem.minecraft.iron_chestplate":1,"stat.drop.minecraft.sapling":1,"stat.pickup.minecraft.sapling":2,"stat.sprintOneCm":108640,"stat.pickup.minecraft.iron_chestplate":2,"stat.pickup.minecraft.cooked_beef":36,"stat.craftItem.minecraft.stick":16,"stat.craftItem.minecraft.wooden_axe":1,"tombstone:eaten_lollipop":2,"stat.pickup.quark.crab_shell":3,"stat.killEntity.Skeleton":4,"stat.drop.minecraft.bow":1,"stat.pickup.tombstone.lollipop":3,"stat.craftItem.minecraft.bucket":1,"stat.craftItem.minecraft.planks":100,"stat.useItem.minecraft.iron_sword":19,"stat.pickup.minecraft.potion":10,"stat.killEntity.Bonepile":1,"stat.craftItem.toughasnails.canteen":1,"stat.pickup.guideapi.vampirism-guide":4,"stat.mineBlock.minecraft.crafting_table":9,"stat.killEntity.Spider":2,"stat.killEntity.WitherSkeleton":2,"stat.mobKills":28,"stat.mineBlock.minecraft.log":31,"stat.craftItem.minecraft.shears":1,"stat.deaths":6,"stat.pickup.minecraft.water_bucket":2,"stat.drop":9,"stat.mineBlock.minecraft.leaves":3,"stat.playOneMinute":60602,"stat.sneakTime":3556,"stat.craftItem.minecraft.iron_pickaxe":1,"stat.pickup.minecraft.wool":6,"stat.pickup.evilcraft.werewolf_flesh":8,"stat.killEntity.Zombie":2,"stat.entityKilledBy.Bonepile":1,"stat.useItem.minecraft.wooden_axe":24,"stat.drop.minecraft.glass_bottle":2,"stat.mineBlock.minecraft.stone":269,"stat.mineBlock.minecraft.tallgrass":4,"stat.diveOneCm":102959}