{"stat.pickup.minecraft.pumpkin":11,"stat.pickup.minecraft.bone":2,"stat.killEntity.quark:crab":1,"stat.leaveGame":2,"stat.pickup.minecraft.arrow":2,"stat.mineBlock.minecraft.pumpkin":11,"stat.useItem.minecraft.glass_bottle":6,"stat.entityKilledBy.Witch":1,"stat.useItem.minecraft.potion":4,"stat.useItem.minecraft.rotten_flesh":2,"stat.jump":484,"stat.swimOneCm":18914,"stat.pickup.minecraft.coal":130,"stat.fallOneCm":8351,"stat.useItem.minecraft.planks":1,"stat.craftItem.minecraft.shield":1,"stat.useItem.minecraft.stone_axe":45,"stat.pickup.minecraft.porkchop":4,"stat.crouchOneCm":8702,"stat.pickup.minecraft.spider_eye":1,"stat.craftItem.minecraft.iron_ingot":23,"stat.pickup.minecraft.dirt":6,"stat.useItem.minecraft.dirt":5,"stat.useItem.minecraft.stone_slab2":17,"stat.useItem.minecraft.water_bucket":2,"stat.craftingTableInteraction":23,"stat.pickup.minecraft.iron_ore":44,"stat.pickup.minecraft.rotten_flesh":2,"stat.pickup.minecraft.sand":6,"stat.craftItem.minecraft.furnace":1,"stat.craftItem.minecraft.stone_axe":1,"stat.damageTaken":837,"stat.useItem.quark.cooked_crab_leg":1,"stat.pickup.minecraft.leather":10,"stat.craftItem.minecraft.stone_pickaxe":1,"stat.mineBlock.minecraft.furnace":5,"stat.useItem.minecraft.wooden_pickaxe":10,"stat.pickup.minecraft.cobblestone":183,"stat.pickup.minecraft.planks":36,"stat.pickup.minecraft.reeds":17,"stat.pickup.vampirism.item_tent":1,"stat.flyOneCm":81176,"stat.craftItem.minecraft.glass_bottle":3,"tombstone:undead_killed":3,"stat.mineBlock.minecraft.sand":6,"stat.useItem.minecraft.stone_pickaxe":131,"stat.craftItem.minecraft.iron_leggings":1,"stat.pickup.quark.tallow":8,"stat.damageDealt":2350,"stat.craftItem.minecraft.glass":6,"stat.mineBlock.minecraft.iron_ore":44,"stat.timeSinceDeath":17149,"stat.killEntity.Cow":8,"stat.mineBlock.minecraft.dirt":6,"stat.useItem.minecraft.iron_pickaxe":147,"stat.craftItem.quark.cooked_crab_leg":1,"stat.craftItem.minecraft.wooden_pickaxe":1,"stat.killEntity.Pig":3,"stat.walkOneCm":51770,"stat.pickup.minecraft.crafting_table":6,"stat.useItem.minecraft.cobblestone":18,"stat.craftItem.minecraft.crafting_table":1,"stat.furnaceInteraction":34,"stat.mineBlock.minecraft.double_plant":2,"stat.mineBlock.minecraft.coal_ore":53,"stat.pickup.minecraft.log":23,"stat.pickup.quark.crab_leg":1,"stat.pickup.minecraft.beef":13,"stat.pickup.minecraft.furnace":5,"stat.pickup.tombstone.crafting_ingredient":2,"stat.craftItem.minecraft.stone_slab2":0,"stat.craftItem.minecraft.iron_chestplate":1,"stat.pickup.minecraft.sapling":1,"stat.sprintOneCm":54156,"stat.craftItem.minecraft.stick":12,"stat.craftItem.minecraft.wooden_axe":1,"stat.pickup.quark.crab_shell":1,"stat.killEntity.Skeleton":1,"stat.craftItem.minecraft.bucket":1,"stat.craftItem.minecraft.planks":92,"stat.mineBlock.minecraft.crafting_table":6,"stat.killEntity.Spider":1,"stat.killEntity.WitherSkeleton":1,"stat.mobKills":17,"stat.mineBlock.minecraft.log":24,"stat.deaths":3,"stat.mineBlock.minecraft.leaves":3,"stat.playOneMinute":36302,"stat.sneakTime":2363,"stat.craftItem.minecraft.iron_pickaxe":1,"stat.killEntity.Zombie":1,"stat.useItem.minecraft.wooden_axe":24,"stat.mineBlock.minecraft.stone":187,"stat.mineBlock.minecraft.tallgrass":4,"stat.diveOneCm":50148}