{"stat.pickup.tconstruct.book":4,"stat.pickup.minecraft.bone":76,"stat.entityKilledBy.Rifted_Enderman":1,"stat.useItem.minecraft.iron_axe":38,"stat.leaveGame":2,"stat.mineBlock.minecraft.pumpkin":11,"stat.mineBlock.minecraft.cobblestone":15,"stat.entityKilledBy.Witch":1,"stat.craftItem.minecraft.iron_axe":1,"stat.killEntity.vampirism.vampire":9,"stat.swimOneCm":53591,"stat.craftItem.minecraft.shield":1,"stat.useItem.minecraft.planks":21,"stat.mineBlock.minecraft.web":3,"stat.drop.minecraft.cobblestone":64,"stat.pickup.minecraft.cooked_porkchop":12,"stat.pickup.minecraft.porkchop":21,"stat.pickup.minecraft.glass":6,"stat.useItem.minecraft.dirt":24,"stat.useItem.minecraft.stone_slab2":32,"stat.pickup.minecraft.bow":3,"stat.pickup.minecraft.iron_boots":2,"stat.useItem.minecraft.water_bucket":26,"stat.pickup.minecraft.rotten_flesh":37,"stat.pickup.minecraft.sand":7,"stat.craftItem.minecraft.furnace":1,"stat.useItem.minecraft.egg":2,"stat.craftItem.minecraft.stone_axe":1,"stat.craftItem.minecraft.iron_boots":1,"stat.pickup.minecraft.name_tag":12,"stat.pickup.minecraft.bucket":6,"stat.craftItem.minecraft.stone_pickaxe":1,"stat.craftItem.minecraft.cooked_beef":13,"stat.pickup.minecraft.shears":2,"stat.pickup.minecraft.cobblestone":1571,"stat.pickup.quark.black_ash":2,"stat.pickup.vampirism.item_tent":1,"stat.flyOneCm":305294,"stat.craftItem.minecraft.glass_bottle":3,"stat.mineBlock.minecraft.sand":6,"stat.killEntity.Witch":1,"stat.craftItem.toughasnails.campfire":1,"stat.drop.minecraft.wheat_seeds":1,"stat.useItem.minecraft.cooked_beef":21,"stat.pickup.quark.tallow":8,"stat.mineBlock.minecraft.iron_ore":44,"stat.timeSinceDeath":2100,"stat.useItem.minecraft.iron_pickaxe":314,"stat.craftItem.minecraft.wooden_pickaxe":1,"stat.drop.minecraft.spider_eye":2,"stat.pickup.ancientbeasts.kunai":3,"stat.furnaceInteraction":65,"stat.drop.minecraft.gravel":1,"stat.drop.minecraft.dirt":1,"stat.pickup.guideapi.cyclicmagic-guide":2,"stat.useItem.minecraft.cooked_porkchop":7,"stat.killEntity.ZombieVillager":3,"stat.mineBlock.minecraft.coal_ore":53,"stat.useItem.tombstone.lollipop":3,"stat.pickup.minecraft.shield":4,"stat.pickup.minecraft.string":40,"stat.pickup.minecraft.beef":16,"stat.pickup.quark.crab_leg":1,"stat.pickup.minecraft.furnace":12,"stat.pickup.tombstone.crafting_ingredient":81,"stat.entityKilledBy.Skeleton":1,"stat.craftItem.minecraft.stone_slab2":0,"stat.sprintOneCm":175474,"stat.pickup.minecraft.iron_chestplate":4,"stat.craftItem.minecraft.stick":16,"stat.craftItem.minecraft.wooden_axe":1,"stat.pickup.tombstone.magic_scroll":3,"stat.pickup.quark.crab_shell":3,"stat.pickup.tombstone.lollipop":7,"stat.pickup.minecraft.potion":10,"stat.craftItem.toughasnails.canteen":1,"stat.mineBlock.minecraft.crafting_table":9,"stat.deaths":9,"stat.drop":23,"stat.pickup.minecraft.egg":2,"stat.playOneMinute":97502,"stat.drop.minecraft.string":2,"stat.pickup.abyssalcraft.dirtyplate":4,"stat.craftItem.minecraft.iron_pickaxe":1,"stat.killEntity.Zombie":9,"stat.entityKilledBy.Bonepile":1,"stat.drop.minecraft.glass_bottle":2,"stat.drop.tombstone.lollipop":2,"stat.pickup.toughasnails.canteen":5,"stat.mineBlock.minecraft.tallgrass":6,"stat.diveOneCm":147026,"stat.pickup.minecraft.pumpkin":165,"stat.killEntity.quark:crab":1,"stat.drop.quark.black_ash":1,"stat.pickup.minecraft.gravel":1,"stat.pickup.minecraft.arrow":45,"stat.pickup.minecraft.iron_sword":4,"stat.craftItem.minecraft.cooked_porkchop":14,"stat.useItem.minecraft.glass_bottle":7,"stat.pickup.minecraft.stone_axe":7,"stat.mineBlock.toughasnails.campfire":1,"stat.useItem.minecraft.potion":6,"stat.useItem.minecraft.rotten_flesh":23,"stat.drop.minecraft.cooked_porkchop":11,"stat.jump":1623,"stat.pickup.minecraft.coal":326,"stat.pickup.minecraft.iron_helmet":3,"stat.fallOneCm":40213,"stat.pickup.minecraft.iron_ingot":44,"stat.drop.toughasnails.canteen":3,"stat.useItem.minecraft.stone_axe":71,"stat.drop.minecraft.stone_sword":1,"stat.crouchOneCm":16788,"stat.mineBlock.minecraft.chest":1,"stat.pickup.minecraft.spider_eye":2,"stat.craftItem.minecraft.iron_ingot":44,"stat.craftItem.minecraft.chest":1,"stat.pickup.minecraft.dirt":162,"stat.craftItem.minecraft.iron_helmet":1,"stat.entityKilledBy.evilcraft.vengeance_spirit":2,"stat.pickup.vampirism.vampire_fang":16,"stat.craftingTableInteraction":36,"stat.pickup.minecraft.iron_ore":44,"stat.craftItem.abyssalcraft.ironp":2,"stat.pickup.minecraft.iron_axe":5,"stat.damageTaken":2930,"stat.useItem.quark.cooked_crab_leg":1,"stat.pickup.minecraft.leather":128,"stat.pickup.minecraft.feather":14,"stat.mineBlock.minecraft.furnace":6,"stat.killEntity.tconstruct.blueslime":2,"stat.useItem.minecraft.wooden_pickaxe":10,"stat.drop.abyssalcraft.porkp":1,"stat.pickup.mysticalagriculture.crafting":27,"stat.pickup.minecraft.planks":905,"stat.pickup.minecraft.reeds":201,"stat.pickup.minecraft.iron_leggings":7,"tombstone:undead_killed":26,"stat.pickup.conarm.book":2,"stat.pickup.minecraft.wheat_seeds":1,"stat.useItem.minecraft.stone_pickaxe":131,"stat.drop.mysticalagriculture.crafting":4,"stat.craftItem.minecraft.iron_leggings":1,"stat.useItem.minecraft.stone_sword":5,"stat.damageDealt":9695,"stat.craftItem.minecraft.glass":6,"stat.useItem.abyssalcraft.porkp":1,"stat.killEntity.Cow":8,"stat.mineBlock.minecraft.dirt":12,"stat.craftItem.quark.cooked_crab_leg":1,"stat.killEntity.Pig":3,"stat.drop.minecraft.stick":2,"stat.walkOneCm":168484,"stat.playerKills":1,"stat.pickup.minecraft.crafting_table":10,"stat.useItem.minecraft.cobblestone":50,"stat.craftItem.minecraft.crafting_table":2,"stat.mineBlock.minecraft.double_plant":3,"stat.pickup.minecraft.log":76,"stat.pickup.minecraft.iron_pickaxe":6,"stat.useItem.tombstone.gift":1,"stat.pickup.openblocks.info_book":2,"stat.pickup.minecraft.stone":8,"stat.craftItem.minecraft.iron_chestplate":1,"stat.drop.minecraft.sapling":1,"stat.pickup.minecraft.chicken":1,"stat.killEntity.vampirism.advanced_vampire":1,"stat.pickup.minecraft.sapling":2,"stat.pickup.minecraft.cooked_beef":36,"tombstone:eaten_lollipop":3,"stat.killEntity.Skeleton":5,"stat.drop.minecraft.bow":1,"stat.craftItem.minecraft.bucket":1,"stat.craftItem.minecraft.planks":100,"stat.useItem.minecraft.iron_sword":72,"stat.killEntity.Bonepile":1,"stat.killEntity.Chicken":2,"stat.pickup.guideapi.vampirism-guide":4,"stat.killEntity.Spider":3,"stat.killEntity.WitherSkeleton":3,"stat.pickup.minecraft.stone_sword":1,"stat.killEntity.quark:dweller":2,"stat.mobKills":60,"stat.killEntity.Boulderer":1,"stat.mineBlock.minecraft.log":31,"stat.craftItem.minecraft.shears":1,"stat.pickup.minecraft.water_bucket":4,"stat.mineBlock.minecraft.leaves":3,"stat.sneakTime":5691,"stat.pickup.minecraft.wool":42,"stat.pickup.evilcraft.werewolf_flesh":8,"stat.craftItem.abyssalcraft.porkp":2,"stat.useItem.minecraft.wooden_axe":24,"stat.mineBlock.minecraft.stone":337,"stat.pickup.minecraft.chest":1}