{"stat.pickup.tconstruct.book":4,"stat.leaveGame":4,"stat.craftItem.minecraft.iron_axe":1,"stat.pickup.tconstruct.edible":5,"stat.killEntity.vampirism.vampire":12,"stat.craftItem.minecraft.shield":1,"stat.useItem.minecraft.planks":21,"stat.mineBlock.minecraft.web":3,"stat.pickup.minecraft.porkchop":21,"stat.pickup.minecraft.glass":24,"stat.useItem.minecraft.water_bucket":27,"stat.pickup.minecraft.rotten_flesh":67,"stat.pickup.minecraft.sand":19,"stat.craftItem.minecraft.stone_axe":1,"stat.pickup.minecraft.name_tag":30,"stat.pickup.minecraft.bucket":14,"stat.mineBlock.minecraft.sand":17,"stat.killEntity.Witch":1,"stat.pickup.quark.tallow":8,"stat.useItem.minecraft.iron_pickaxe":314,"stat.craftItem.minecraft.wooden_pickaxe":1,"stat.craftItem.minecraft.glass_pane":16,"stat.furnaceInteraction":80,"stat.drop.minecraft.gravel":1,"stat.killEntity.ZombieVillager":4,"stat.pickup.harvestcraft.cornitem":1,"stat.useItem.tombstone.lollipop":3,"stat.drop.minecraft.red_flower":1,"stat.craftItem.vampirism.item_coffin":1,"stat.pickup.minecraft.beef":17,"stat.pickup.quark.crab_leg":1,"stat.pickup.minecraft.furnace":34,"stat.pickup.minecraft.iron_chestplate":10,"stat.pickup.tombstone.magic_scroll":15,"stat.pickup.minecraft.potion":10,"stat.craftItem.toughasnails.canteen":1,"stat.deaths":14,"stat.pickup.minecraft.egg":2,"stat.playOneMinute":134592,"stat.drop.minecraft.string":3,"stat.craftItem.minecraft.iron_pickaxe":1,"stat.drop.minecraft.glass_bottle":2,"stat.drop.tombstone.lollipop":2,"stat.pickup.toughasnails.canteen":10,"stat.mineBlock.minecraft.tallgrass":9,"stat.chestOpened":8,"stat.pickup.minecraft.pumpkin":389,"stat.killEntity.quark:crab":1,"stat.drop.quark.black_ash":1,"stat.pickup.minecraft.arrow":189,"stat.pickup.minecraft.iron_sword":4,"stat.mineBlock.toughasnails.campfire":1,"stat.drop.minecraft.iron_pickaxe":1,"stat.fallOneCm":57729,"stat.drop.toughasnails.canteen":5,"stat.drop.minecraft.stone_sword":1,"stat.crouchOneCm":19729,"stat.mineBlock.minecraft.chest":1,"stat.craftItem.minecraft.iron_ingot":44,"stat.craftItem.minecraft.chest":1,"stat.craftingTableInteraction":43,"stat.useItem.cyclicmagic.inventory_food":1,"stat.useItem.quark.cooked_crab_leg":1,"stat.pickup.minecraft.feather":62,"stat.drop.minecraft.iron_leggings":1,"stat.drop.minecraft.bone":3,"stat.useItem.minecraft.furnace":1,"stat.pickup.minecraft.planks":1771,"stat.pickup.minecraft.iron_leggings":16,"stat.pickup.minecraft.wheat_seeds":6,"stat.useItem.minecraft.stone_pickaxe":131,"stat.drop.mysticalagriculture.crafting":5,"stat.craftItem.minecraft.iron_leggings":1,"stat.useItem.minecraft.stone_sword":5,"stat.useItem.abyssalcraft.porkp":1,"stat.mineBlock.minecraft.dirt":14,"stat.craftItem.quark.cooked_crab_leg":1,"stat.drop.minecraft.stick":2,"stat.drop.minecraft.rotten_flesh":20,"stat.pickup.minecraft.crafting_table":11,"stat.useItem.minecraft.cobblestone":50,"stat.craftItem.minecraft.crafting_table":4,"stat.mineBlock.minecraft.double_plant":3,"stat.craftItem.minecraft.boat":1,"stat.pickup.minecraft.log":232,"stat.pickup.minecraft.iron_pickaxe":16,"stat.drop.minecraft.planks":10,"stat.drop.minecraft.sapling":1,"stat.pickup.minecraft.chicken":1,"stat.killEntity.vampirism.advanced_vampire":1,"stat.pickup.minecraft.sapling":2,"stat.drop.minecraft.bow":1,"stat.craftItem.minecraft.bucket":1,"stat.craftItem.minecraft.planks":208,"stat.useItem.minecraft.iron_sword":72,"stat.killEntity.Bonepile":1,"stat.pickup.guideapi.vampirism-guide":4,"stat.pickup.minecraft.diamond_helmet":2,"stat.killEntity.WitherSkeleton":3,"stat.pickup.minecraft.stone_sword":1,"stat.mineBlock.minecraft.log":31,"stat.drop.tconstruct.edible":1,"stat.pickup.vampirism.human_heart":2,"stat.pickup.minecraft.red_flower":2,"stat.sneakTime":6354,"stat.pickup.minecraft.wool":206,"stat.craftItem.abyssalcraft.porkp":2,"stat.useItem.minecraft.wooden_axe":24,"stat.pickup.minecraft.chest":1,"stat.pickup.minecraft.bone":307,"stat.entityKilledBy.Rifted_Enderman":2,"stat.useItem.minecraft.iron_axe":80,"stat.mineBlock.minecraft.pumpkin":11,"stat.mineBlock.minecraft.cobblestone":15,"stat.entityKilledBy.Witch":1,"stat.swimOneCm":65603,"stat.climbOneCm":321,"stat.drop.minecraft.cobblestone":242,"stat.pickup.minecraft.cooked_porkchop":12,"stat.useItem.minecraft.dirt":26,"stat.useItem.minecraft.stone_slab2":38,"stat.pickup.minecraft.bow":3,"stat.pickup.minecraft.iron_boots":2,"stat.craftItem.minecraft.furnace":1,"stat.drop.evilcraft.werewolf_flesh":6,"stat.useItem.minecraft.egg":2,"stat.craftItem.minecraft.iron_boots":1,"stat.craftItem.minecraft.stone_pickaxe":1,"stat.craftItem.minecraft.cooked_beef":13,"stat.pickup.minecraft.shears":7,"stat.pickup.minecraft.cobblestone":2389,"stat.pickup.quark.black_ash":2,"stat.pickup.vampirism.item_tent":1,"stat.pickup.minecraft.diamond_leggings":1,"stat.flyOneCm":516452,"stat.craftItem.minecraft.glass_bottle":6,"stat.pickup.minecraft.glass_bottle":8,"stat.craftItem.toughasnails.campfire":1,"stat.drop.minecraft.wheat_seeds":4,"stat.useItem.minecraft.cooked_beef":21,"stat.mineBlock.minecraft.iron_ore":44,"stat.timeSinceDeath":17676,"stat.pickup.vampirism.vampire_book":1,"stat.drop.minecraft.spider_eye":4,"stat.pickup.ancientbeasts.kunai":3,"stat.drop.minecraft.dirt":28,"stat.pickup.guideapi.cyclicmagic-guide":2,"stat.useItem.minecraft.cooked_porkchop":7,"stat.killEntity.vampirism.vampire_hunter":7,"stat.mineBlock.minecraft.coal_ore":53,"stat.pickup.minecraft.shield":8,"stat.pickup.minecraft.string":179,"stat.pickup.tombstone.crafting_ingredient":321,"stat.entityKilledBy.Skeleton":2,"stat.craftItem.minecraft.stone_slab2":0,"stat.useItem.vampirism.vampire_book":5,"stat.sprintOneCm":260120,"stat.craftItem.minecraft.stick":16,"stat.craftItem.minecraft.wooden_axe":1,"stat.pickup.quark.crab_shell":3,"stat.pickup.tombstone.lollipop":9,"stat.mineBlock.minecraft.crafting_table":10,"stat.pickup.vampirism.item_coffin":2,"stat.pickup.minecraft.diamond_chestplate":1,"stat.drop.minecraft.lava_bucket":1,"stat.entityKilledBy.Creeper":1,"stat.drop":55,"stat.pickup.abyssalcraft.dirtyplate":8,"stat.killEntity.Zombie":12,"stat.entityKilledBy.Bonepile":1,"stat.diveOneCm":154112,"stat.pickup.minecraft.gravel":1,"stat.craftItem.minecraft.cooked_porkchop":14,"stat.useItem.minecraft.glass_bottle":8,"stat.pickup.minecraft.stone_axe":7,"stat.drop.vampirism.vampire_book":2,"stat.useItem.minecraft.potion":7,"stat.useItem.minecraft.rotten_flesh":23,"stat.drop.minecraft.cooked_porkchop":11,"stat.jump":2447,"stat.pickup.minecraft.coal":710,"stat.pickup.minecraft.iron_helmet":6,"stat.pickup.minecraft.iron_ingot":260,"stat.useItem.minecraft.stone_axe":71,"stat.pickup.minecraft.spider_eye":5,"stat.pickup.minecraft.dirt":215,"stat.craftItem.minecraft.iron_helmet":1,"stat.entityKilledBy.evilcraft.vengeance_spirit":3,"stat.pickup.vampirism.vampire_fang":54,"stat.pickup.harvestcraft.bellpepperitem":1,"stat.pickup.minecraft.iron_ore":44,"stat.craftItem.abyssalcraft.ironp":2,"stat.boatOneCm":20380,"stat.pickup.minecraft.iron_axe":16,"stat.drop.vampirism.holy_salt":3,"stat.damageTaken":4212,"stat.pickup.minecraft.leather":448,"stat.mineBlock.minecraft.furnace":6,"stat.killEntity.tconstruct.blueslime":10,"stat.useItem.minecraft.wooden_pickaxe":10,"stat.drop.abyssalcraft.porkp":1,"stat.pickup.mysticalagriculture.crafting":112,"stat.pickup.minecraft.reeds":713,"stat.entityKilledBy.ZombieVillager":1,"tombstone:undead_killed":33,"stat.pickup.conarm.book":2,"stat.pickup.minecraft.potato":1,"stat.damageDealt":12529,"stat.craftItem.minecraft.glass":26,"stat.killEntity.Cow":9,"stat.killEntity.Pig":3,"stat.walkOneCm":230322,"stat.playerKills":1,"stat.useItem.tombstone.gift":1,"stat.pickup.openblocks.info_book":2,"stat.drop.minecraft.iron_chestplate":1,"stat.pickup.minecraft.stone":16,"stat.craftItem.minecraft.iron_chestplate":1,"stat.drop.minecraft.potato":1,"stat.pickup.minecraft.cooked_beef":36,"tombstone:eaten_lollipop":3,"stat.killEntity.Skeleton":7,"stat.pickup.vampirism.holy_salt":3,"stat.killEntity.Chicken":2,"stat.killEntity.Spider":7,"stat.pickup.harvestcraft.strawberryitem":2,"stat.pickup.minecraft.bread":2,"stat.killEntity.quark:dweller":2,"stat.mobKills":91,"stat.killEntity.Boulderer":1,"stat.pickup.minecraft.diamond_boots":2,"stat.craftItem.minecraft.shears":1,"stat.useItem.minecraft.boat":1,"stat.pickup.minecraft.water_bucket":9,"stat.mineBlock.minecraft.leaves":3,"stat.pickup.minecraft.lava_bucket":2,"stat.drop.minecraft.beef":1,"stat.pickup.evilcraft.werewolf_flesh":22,"stat.drop.minecraft.arrow":1,"stat.mineBlock.minecraft.stone":337,"stat.craftItem.vampirism.injection":2}