{"stat.chestOpened":1,"stat.walkOneCm":21964,"stat.killEntity.quark:crab":2,"stat.craftItem.minecraft.jungle_boat":1,"stat.leaveGame":2,"stat.pickup.minecraft.crafting_table":2,"stat.useItem.minecraft.cobblestone":8,"stat.craftItem.minecraft.crafting_table":4,"stat.furnaceInteraction":6,"stat.pickup.galacticraftcore.basic_block_core":2,"stat.pickup.minecraft.log":24,"stat.mineBlock.minecraft.stained_glass":2,"stat.jump":243,"stat.swimOneCm":3226,"stat.mineBlock.galacticraftcore.basic_block_core":2,"stat.pickup.quark.glass_shards":7,"stat.climbOneCm":599,"stat.fallOneCm":5207,"stat.useItem.minecraft.planks":2,"stat.pickup.quark.crab_leg":2,"stat.crouchOneCm":4969,"stat.pickup.minecraft.sapling":2,"stat.pickup.minecraft.dirt":3,"stat.useItem.minecraft.dirt":2,"stat.sprintOneCm":19167,"stat.useItem.minecraft.stone_slab2":3,"stat.craftItem.minecraft.stick":8,"stat.craftItem.minecraft.wooden_axe":1,"stat.useItem.quark.crab_leg":2,"stat.craftingTableInteraction":3,"stat.useItem.minecraft.jungle_boat":2,"stat.pickup.quark.crab_shell":2,"stat.boatOneCm":30878,"stat.mineBlock.minecraft.iron_bars":1,"stat.craftItem.minecraft.planks":64,"stat.mineBlock.minecraft.crafting_table":2,"stat.damageTaken":160,"stat.craftItem.minecraft.stone_pickaxe":1,"stat.mineBlock.minecraft.torch":3,"stat.useItem.minecraft.wooden_pickaxe":32,"stat.mobKills":3,"stat.pickup.minecraft.cobblestone":93,"stat.mineBlock.minecraft.log":16,"stat.pickup.minecraft.dye":9,"stat.pickup.mysticalagriculture.crafting":2,"stat.pickup.minecraft.planks":1,"stat.pickup.minecraft.reeds":11,"stat.flyOneCm":33852,"stat.mineBlock.minecraft.planks":2,"stat.pickup.conarm.book":1,"stat.pickup.minecraft.wheat_seeds":1,"stat.mineBlock.minecraft.leaves":8,"stat.playOneMinute":21557,"stat.pickup.minecraft.torch":4,"stat.killEntity.Sheep":1,"stat.useItem.minecraft.stone_pickaxe":65,"stat.mineBlock.mysticalagriculture.prosperity_ore":1,"stat.sneakTime":3721,"stat.pickup.minecraft.wool":1,"stat.damageDealt":420,"stat.timeSinceDeath":21557,"stat.pickup.minecraft.iron_bars":1,"stat.useItem.minecraft.wooden_axe":31,"stat.useItem.minecraft.crafting_table":3,"stat.pickup.minecraft.jungle_boat":1,"stat.mineBlock.minecraft.dirt":3,"stat.craftItem.minecraft.wooden_pickaxe":1,"stat.mineBlock.minecraft.stone":93,"stat.mineBlock.minecraft.tallgrass":8,"stat.diveOneCm":3568,"stat.pickup.minecraft.mutton":1}