{"stat.chestOpened":36,"stat.pickup.minecraft.bone":8,"stat.killEntity.quark:crab":2,"stat.craftItem.minecraft.jungle_boat":1,"stat.pickup.minecraft.stone_pressure_plate":1,"stat.entityKilledBy.Rifted_Enderman":1,"stat.useItem.cyclicmagic.emerald_sword":42,"stat.pickup.vampirism.altar_inspiration":1,"stat.drop.minecraft.wooden_pickaxe":1,"stat.leaveGame":2,"stat.pickup.minecraft.arrow":1,"stat.mineBlock.minecraft.cobblestone":3,"stat.mineBlock.mysticalagriculture.inferium_ore":1,"stat.killEntity.vampirism.vampire":3,"stat.useItem.minecraft.porkchop":8,"stat.useItem.cyclicmagic.cyclic_wand_build":1,"stat.mineBlock.vampirism.altar_inspiration":1,"stat.pickup.harvestcraft.chilipepperitem":2,"stat.mineBlock.minecraft.sandstone":45,"stat.useItem.minecraft.rotten_flesh":6,"stat.mineBlock.minecraft.stained_glass":7,"stat.useItem.minecraft.mutton":6,"stat.jump":1531,"stat.swimOneCm":11825,"stat.pickup.quark.glass_shards":27,"stat.drop.quark.glass_shards":10,"stat.pickup.minecraft.coal":60,"stat.climbOneCm":2548,"stat.fallOneCm":45566,"stat.useItem.minecraft.planks":2,"stat.mineBlock.minecraft.web":14,"stat.mineBlock.evilcraft.dark_ore":4,"stat.pickup.minecraft.gunpowder":1,"stat.pickup.minecraft.porkchop":8,"stat.useItem.harvestcraft.strawberryitem":1,"stat.crouchOneCm":22987,"stat.pickup.harvestcraft.peanutitem":2,"stat.pickup.minecraft.spider_eye":1,"stat.pickup.minecraft.dirt":14,"stat.useItem.minecraft.dirt":5,"stat.pickup.evilcraft.dark_gem_crushed":2,"stat.useItem.quark.root_flower":2,"stat.entityKilledBy.evilcraft.vengeance_spirit":2,"stat.pickup.vampirism.blood_container":1,"stat.useItem.minecraft.stone_slab2":27,"stat.pickup.vampirism.vampire_fang":1,"stat.useItem.harvestcraft.barleyitem":2,"stat.useItem.quark.crab_leg":2,"stat.craftingTableInteraction":3,"stat.pickup.minecraft.iron_ore":56,"stat.pickup.minecraft.rotten_flesh":9,"stat.useItem.minecraft.jungle_boat":2,"stat.dropperInspected":2,"stat.useItem.cyclicmagic.inventory_food":1,"stat.boatOneCm":30878,"stat.mineBlock.minecraft.iron_bars":1,"stat.useItem.minecraft.sapling":1,"stat.mineBlock.harvestcraft.aridgarden":2,"stat.mineBlock.minecraft.glass_pane":3,"stat.damageTaken":2574,"stat.pickup.minecraft.leather":7,"stat.useItem.minecraft.iron_ore":1,"stat.pickup.abyssalcraft.copperingot":6,"stat.pickup.minecraft.name_tag":1,"stat.craftItem.minecraft.stone_pickaxe":1,"stat.mineBlock.minecraft.torch":27,"stat.mineBlock.minecraft.furnace":3,"stat.useItem.minecraft.wooden_pickaxe":32,"stat.pickup.evilcraft.dark_gem":4,"stat.pickup.minecraft.cobblestone":127,"stat.pickup.minecraft.log2":2,"stat.pickup.quark.black_ash":1,"stat.mineBlock.minecraft.sandstone_stairs":4,"stat.useItem.harvestcraft.mustardseedsitem":2,"stat.pickup.minecraft.dye":9,"stat.pickup.mysticalagriculture.crafting":18,"stat.pickup.minecraft.planks":2,"stat.pickup.minecraft.reeds":58,"stat.killEntity.CaveSpider":3,"stat.flyOneCm":291039,"stat.pickup.minecraft.bed":1,"stat.pickup.minecraft.sandstone":40,"tombstone:undead_killed":16,"stat.pickup.conarm.book":1,"stat.pickup.minecraft.wheat_seeds":4,"stat.pickup.minecraft.potato":2,"tombstone:villager_killed":2,"stat.entityKilledBy.Zombie":1,"stat.useItem.minecraft.stone_pickaxe":78,"stat.drop.mysticalagriculture.crafting":7,"stat.pickup.waystones.waystone":2,"stat.killEntity.Villager":2,"stat.pickup.quark.tallow":10,"stat.damageDealt":6594,"stat.mineBlock.vampirism.castle_block":5,"stat.mineBlock.minecraft.iron_ore":56,"stat.timeSinceDeath":2684,"stat.useItem.harvestcraft.peanutitem":2,"stat.mineBlock.quark.roots_blue_flower":1,"stat.useItem.minecraft.crafting_table":5,"stat.mineBlock.minecraft.dirt":5,"stat.craftItem.minecraft.wooden_pickaxe":1,"stat.entityKilledBy.vampirism.vampire":2,"stat.drop.minecraft.spider_eye":1,"stat.killEntity.abyssalcraft.demonsheep":1,"stat.useItem.harvestcraft.aridgarden":1,"stat.pickup.minecraft.mutton":7,"stat.useItem.harvestcraft.onionitem":2,"stat.walkOneCm":123290,"stat.useItem.minecraft.torch":15,"stat.pickup.harvestcraft.onionitem":2,"stat.pickup.minecraft.crafting_table":2,"stat.pickup.minecraft.clay_ball":3,"stat.useItem.minecraft.cobblestone":35,"stat.craftItem.minecraft.crafting_table":4,"stat.furnaceInteraction":20,"stat.pickup.galacticraftcore.basic_block_core":2,"stat.mineBlock.botania.flower":15,"stat.pickup.minecraft.carpet":1,"stat.killEntity.vampirism.vampire_hunter":1,"stat.mineBlock.minecraft.coal_ore":60,"stat.talkedToVillager":1,"stat.pickup.minecraft.log":24,"stat.pickup.minecraft.string":15,"stat.mineBlock.galacticraftcore.basic_block_core":2,"stat.pickup.quark.crab_leg":2,"stat.pickup.minecraft.beef":10,"stat.pickup.quark.root_flower":2,"stat.useItem.minecraft.cooked_mutton":1,"stat.useItem.tombstone.gift":1,"stat.pickup.minecraft.tnt":1,"stat.pickup.minecraft.furnace":3,"stat.pickup.cyclicmagic.ender_pearl_reuse":1,"stat.craftItem.minecraft.stone_slab2":0,"stat.mineBlock.harvestcraft.windygarden":5,"stat.pickup.minecraft.stone":2,"stat.pickup.harvestcraft.aridgarden":2,"stat.drop.minecraft.sapling":1,"stat.pickup.minecraft.sapling":3,"stat.sprintOneCm":113489,"stat.craftItem.minecraft.stick":8,"stat.craftItem.minecraft.wooden_axe":1,"stat.pickup.quark.crab_shell":2,"stat.pickup.minecraft.acacia_door":3,"stat.useItem.cyclicmagic.crafting_food":2,"stat.killEntity.Skeleton":1,"stat.pickup.vampirism.castle_block":4,"stat.mineBlock.minecraft.stonebrick":1,"stat.craftItem.minecraft.planks":64,"stat.pickup.harvestcraft.barleyitem":2,"stat.mineBlock.minecraft.crafting_table":2,"stat.killEntity.Spider":2,"stat.pickup.harvestcraft.strawberryitem":1,"stat.killEntity.Husk":1,"stat.killEntity.WitherSkeleton":2,"stat.mineBlock.waystones.waystone":2,"stat.mobKills":39,"stat.pickup.minecraft.book":6,"stat.mineBlock.minecraft.log":16,"stat.mineBlock.minecraft.bookshelf":2,"stat.pickup.botania.flower":15,"stat.entityKilledBy.Creeper":1,"stat.useItem.minecraft.beef":10,"stat.pickup.harvestcraft.mustardseedsitem":2,"stat.mineBlock.minecraft.planks":2,"stat.deaths":8,"stat.drop":9,"stat.mineBlock.minecraft.leaves":9,"stat.pickup.minecraft.egg":1,"stat.playOneMinute":75887,"stat.pickup.minecraft.torch":29,"stat.mineBlock.minecraft.stone_pressure_plate":1,"stat.killEntity.Sheep":5,"stat.mineBlock.mysticalagriculture.prosperity_ore":1,"stat.sneakTime":10188,"stat.pickup.minecraft.wool":6,"stat.pickup.evilcraft.werewolf_flesh":1,"stat.killEntity.Zombie":12,"stat.pickup.minecraft.iron_bars":2,"stat.useItem.minecraft.wooden_axe":48,"stat.pickup.minecraft.yellow_flower":1,"stat.pickup.minecraft.jungle_boat":1,"stat.mineBlock.minecraft.stone":115,"stat.mineBlock.minecraft.tallgrass":23,"stat.craftItem.minecraft.cooked_mutton":1,"stat.diveOneCm":19110,"stat.useItem.cyclicmagic.emerald_pickaxe":301}