{"stat.walkOneCm":6462,"stat.leaveGame":2,"stat.damageTaken":240,"stat.entityKilledBy.WitherSkeleton":1,"stat.flyOneCm":43936,"stat.deaths":1,"stat.jump":137,"stat.swimOneCm":1316,"stat.playOneMinute":22325,"stat.fallOneCm":2357,"stat.sneakTime":10,"stat.damageDealt":20,"stat.crouchOneCm":50,"stat.timeSinceDeath":352,"stat.pickup.minecraft.dirt":2,"stat.sprintOneCm":13563,"stat.mineBlock.minecraft.dirt":3,"stat.useItem.minecraft.stone_slab2":2,"stat.mineBlock.minecraft.tallgrass":1,"stat.diveOneCm":1021}