{"stat.pickup.tconstruct.book":6,"stat.chestOpened":9,"stat.pickup.harvestcraft.kaleitem":4,"stat.pickup.minecraft.bone":70,"stat.pickup.harvestcraft.tomatoitem":1,"stat.killEntity.quark:crab":1,"stat.useItem.harvestcraft.rhubarbitem":2,"stat.useItem.harvestcraft.garlicitem":1,"stat.drop.minecraft.wooden_pickaxe":2,"stat.leaveGame":2,"stat.pickup.minecraft.arrow":19,"stat.pickup.harvestcraft.waterchestnutitem":1,"stat.pickup.minecraft.stone_pickaxe":8,"stat.mineBlock.minecraft.yellow_flower":1,"stat.useItem.harvestcraft.milletitem":2,"stat.useItem.minecraft.apple":2,"stat.mineBlock.minecraft.brown_mushroom":1,"stat.pickup.inventorypets.nugget_ender":142,"stat.killEntity.vampirism.vampire":2,"stat.useItem.minecraft.rotten_flesh":1,"stat.pickup.harvestcraft.blackberryitem":2,"stat.swimOneCm":27724,"stat.jump":1856,"stat.fallOneCm":52363,"stat.useItem.minecraft.planks":5,"stat.pickup.minecraft.iron_ingot":2,"stat.mineBlock.minecraft.web":1,"stat.useItem.harvestcraft.kaleitem":3,"stat.pickup.minecraft.gunpowder":16,"stat.pickup.harvestcraft.milletitem":3,"stat.crouchOneCm":14338,"stat.mineBlock.harvestcraft.shadedgarden":7,"stat.pickup.harvestcraft.okraitem":1,"stat.entityKilledBy.abyssalcraft.evilpig":1,"stat.pickup.minecraft.dirt":463,"stat.useItem.minecraft.dirt":12,"stat.useItem.harvestcraft.tomatoitem":1,"stat.useItem.minecraft.stone_slab2":17,"stat.useItem.quark.crab_leg":1,"stat.pickup.inventorypets.nugget_lapis":112,"stat.craftingTableInteraction":9,"stat.pickup.minecraft.iron_ore":17,"stat.pickup.minecraft.rotten_flesh":21,"stat.pickup.minecraft.sand":7,"stat.craftItem.minecraft.furnace":1,"stat.useItem.minecraft.sapling":1,"stat.entityKilledBy.Spider":1,"stat.pickup.minecraft.leaves":616,"stat.pickup.minecraft.wooden_pickaxe":8,"stat.killEntity.abyssalcraft.evilsheep":1,"stat.damageTaken":3560,"stat.pickup.minecraft.leather":243,"stat.pickup.minecraft.feather":5,"stat.pickup.minecraft.name_tag":71,"stat.craftItem.minecraft.stone_pickaxe":1,"stat.useItem.botania.flower":1,"stat.useItem.minecraft.wooden_pickaxe":35,"stat.craftItem.minecraft.cooked_beef":15,"stat.pickup.harvestcraft.pawpawitem":2,"stat.useItem.harvestcraft.radishitem":3,"stat.pickup.harvestcraft.blueberryitem":1,"stat.pickup.minecraft.cobblestone":139,"stat.craftItem.minecraft.wooden_sword":1,"stat.pickup.mysticalagriculture.crafting":138,"stat.pickup.harvestcraft.jicamaitem":1,"stat.pickup.minecraft.planks":1051,"stat.pickup.minecraft.reeds":783,"stat.pickup.inventorypets.nugget_diamond":276,"stat.craftItem.minecraft.stone_sword":1,"stat.flyOneCm":331833,"stat.pickup.harvestcraft.radishitem":5,"tombstone:undead_killed":9,"stat.useItem.tombstone.grave_key":1,"stat.pickup.minecraft.brown_mushroom":3,"stat.pickup.conarm.book":6,"stat.pickup.minecraft.wheat_seeds":6,"stat.mineBlock.minecraft.sand":1,"stat.useItem.minecraft.stone_pickaxe":1,"stat.useItem.minecraft.cooked_beef":21,"stat.pickup.harvestcraft.scallionitem":28,"stat.useItem.minecraft.stone_sword":31,"stat.useItem.harvestcraft.jicamaitem":1,"stat.damageDealt":4400,"stat.pickup.inventorypets.dubstep_pet":4,"stat.pickup.harvestcraft.leekitem":1,"stat.mineBlock.minecraft.iron_ore":1,"stat.timeSinceDeath":50,"stat.drop.harvestcraft.radishitem":2,"stat.useItem.harvestcraft.cherryitem":2,"stat.killEntity.Cow":5,"stat.mineBlock.minecraft.dirt":9,"stat.craftItem.minecraft.wooden_pickaxe":1,"stat.killEntity.abyssalcraft.demonsheep":1,"stat.pickup.minecraft.mutton":6,"stat.pickup.harvestcraft.rhubarbitem":2,"stat.walkOneCm":160535,"stat.pickup.harvestcraft.whitemushroomitem":51,"stat.pickup.harvestcraft.beanitem":1,"stat.pickup.minecraft.stick":24,"stat.pickup.minecraft.iron_nugget":232,"stat.useItem.harvestcraft.spiceleafitem":3,"stat.pickup.minecraft.crafting_table":3,"stat.useItem.minecraft.cobblestone":5,"stat.craftItem.minecraft.crafting_table":3,"stat.furnaceInteraction":10,"stat.useItem.harvestcraft.blueberryitem":1,"stat.useItem.inventorypets.mooshroom_pet":10,"stat.pickup.harvestcraft.cherryitem":2,"stat.useItem.harvestcraft.pawpawitem":2,"stat.pickup.guideapi.cyclicmagic-guide":6,"stat.mineBlock.minecraft.double_plant":1,"stat.mineBlock.botania.flower":2,"stat.useItem.tombstone.lollipop":1,"stat.useItem.harvestcraft.leekitem":1,"stat.pickup.minecraft.wooden_sword":2,"stat.entityKilledBy.WitherSkeleton":1,"stat.pickup.inventorypets.mooshroom_pet":6,"stat.pickup.minecraft.log":33,"stat.pickup.minecraft.string":45,"stat.pickup.harvestcraft.turnipitem":1,"stat.pickup.inventorypets.cow_pet":7,"stat.useItem.minecraft.melon":62,"stat.drop.minecraft.chicken":1,"stat.pickup.minecraft.beef":33,"stat.pickup.quark.crab_leg":1,"stat.useItem.tombstone.gift":1,"stat.pickup.openblocks.info_book":6,"stat.useItem.minecraft.cooked_mutton":6,"stat.pickup.harvestcraft.spiceleafitem":3,"stat.entityKilledBy.Skeleton":5,"stat.craftItem.minecraft.stone_slab2":0,"stat.pickup.harvestcraft.mulberryitem":3,"stat.pickup.minecraft.chicken":1,"stat.pickup.harvestcraft.zucchiniitem":2,"stat.pickup.minecraft.sapling":31,"stat.sprintOneCm":150447,"stat.pickup.minecraft.apple":2,"stat.pickup.minecraft.cooked_beef":38,"stat.craftItem.minecraft.stick":8,"tombstone:eaten_lollipop":1,"stat.useItem.harvestcraft.blackberryitem":2,"stat.pickup.tombstone.lollipop":1,"stat.useItem.carryon.tile_item":1,"stat.craftItem.minecraft.planks":100,"stat.pickup.guideapi.vampirism-guide":6,"stat.drop.inventorypets.dubstep_pet":1,"stat.mineBlock.minecraft.crafting_table":3,"stat.killEntity.Spider":1,"stat.pickup.inventorypets.cheetah_pet":3,"stat.pickup.minecraft.stone_sword":8,"stat.useItem.harvestcraft.turnipitem":1,"stat.useItem.harvestcraft.waterchestnutitem":1,"stat.mobKills":23,"stat.pickup.minecraft.emerald":34,"stat.mineBlock.minecraft.log":15,"stat.pickup.botania.flower":3,"stat.entityKilledBy.Creeper":1,"stat.useItem.minecraft.beef":7,"stat.useItem.harvestcraft.beanitem":1,"stat.deaths":11,"stat.drop":6,"stat.pickup.minecraft.diamond":34,"stat.playOneMinute":82591,"stat.useItem.minecraft.wooden_sword":58,"stat.useItem.harvestcraft.okraitem":1,"stat.pickup.inventorypets.nugget_obsidian":312,"stat.killEntity.Sheep":4,"stat.useItem.harvestcraft.zucchiniitem":2,"stat.sneakTime":5072,"stat.pickup.minecraft.wool":37,"stat.killEntity.Zombie":3,"stat.mineBlock.harvestcraft.soggygarden":3,"stat.pickup.minecraft.yellow_flower":2,"stat.mineBlock.minecraft.stone":18,"stat.mineBlock.minecraft.tallgrass":17,"stat.useItem.harvestcraft.mulberryitem":2,"stat.craftItem.minecraft.cooked_mutton":6,"stat.diveOneCm":48413,"stat.pickup.minecraft.wheat":14,"stat.pickup.harvestcraft.garlicitem":1}