{"stat.mineBlock.quark.roots_white_flower":1,"stat.pickup.abyssalcraft.coralium":178,"stat.pickup.minecraft.bone":24,"stat.pickup.draconicevolution.draconium_dust":72,"stat.pickup.minecraft.bookshelf":3,"stat.leaveGame":2,"stat.pickup.evilcraft.blood_extractor":1,"stat.mineBlock.minecraft.cobblestone":22,"stat.mineBlock.minecraft.yellow_flower":4,"stat.pickup.abyssalcraft.corflesh":3,"stat.useItem.minecraft.diamond_sword":365,"stat.swimOneCm":20660,"stat.climbOneCm":5634,"stat.mineBlock.minecraft.web":3,"stat.pickup.minecraft.cooked_porkchop":31,"stat.mineBlock.evilcraft.dark_ore":17,"stat.pickup.minecraft.porkchop":16,"stat.mineBlock.quark.roots":6,"stat.useItem.minecraft.stone_slab2":20,"stat.useItem.quark.crab_leg":2,"stat.pickup.minecraft.rotten_flesh":25,"stat.pickup.minecraft.sand":8,"stat.mineBlock.abyssalcraft.dltlog2":7,"stat.killEntity.artifacts.mimic":1,"stat.killEntity.abyssalcraft.abyssalzombie":2,"stat.pickup.minecraft.cobblestone_wall":20,"stat.killEntity.archer":8,"stat.killEntity.abyssalcraft.depthsghoul":1,"stat.pickup.minecraft.cobblestone":3722,"stat.pickup.quark.black_ash":2,"stat.mineBlock.minecraft.clay":85,"stat.useItem.minecraft.anvil":1,"stat.flyOneCm":748617,"stat.pickup.minecraft.clay":85,"stat.pickup.minecraft.glass_bottle":217,"stat.killEntity.Witch":1,"stat.drop.minecraft.wheat_seeds":4,"stat.useItem.minecraft.cooked_beef":11,"stat.pickup.quark.tallow":46,"stat.pickup.minecraft.redstone":82,"stat.mineBlock.minecraft.iron_ore":167,"stat.mineBlock.abyssalcraft.shoggothblock":1,"stat.timeSinceDeath":136529,"stat.pickup.minecraft.mutton":31,"stat.pickup.structurize.sceptersteel":1,"stat.pickup.ancientbeasts.kunai":1,"stat.trappedChestTriggered":19,"stat.furnaceInteraction":1,"stat.pickup.harvestcraft.cherryitem":1,"stat.pickup.galacticraftcore.basic_block_core":180,"stat.useItem.minecraft.cooked_porkchop":29,"stat.mineBlock.botania.flower":39,"stat.mineBlock.minecraft.coal_ore":287,"stat.killEntity.Creeper":4,"stat.talkedToVillager":13,"stat.mineBlock.compressed_ores.compressedcoalore":25,"stat.pickup.abyssalcraft.nitre":13,"stat.pickup.minecraft.string":5,"stat.pickup.quark.crab_leg":2,"stat.useItem.minecraft.cooked_mutton":61,"stat.pickup.minecraft.totem_of_undying":2,"stat.mineBlock.abyssalcraft.dltlog":57,"stat.sprintOneCm":213683,"stat.useItem.minecraft.diamond_shovel":132,"stat.mineBlock.minecraft.stone_slab":1,"stat.pickup.minecraft.skull":8,"stat.pickup.tombstone.magic_scroll":1,"stat.pickup.minecraft.bone_block":106,"stat.useItem.cyclicmagic.crafting_food":1,"stat.pickup.quark.crab_shell":2,"stat.pickup.minecraft.potion":5,"stat.mineBlock.minecraft.diamond_ore":68,"stat.craftItem.evilcraft.blood_extractor":5,"stat.pickup.minecraft.grass":7,"stat.killEntity.Husk":2,"stat.useItem.minecraft.diamond_pickaxe":926,"stat.useItem.minecraft.carrot":1,"stat.pickup.minecraft.emerald":12,"stat.pickup.botania.flower":38,"stat.drop":7,"stat.pickup.minecraft.egg":1,"stat.playOneMinute":136529,"stat.drop.minecraft.string":1,"stat.killEntity.Sheep":20,"stat.mineBlock.mysticalagriculture.prosperity_ore":40,"stat.useItem.minecraft.diamond_ore":63,"stat.pickup.abyssalcraft.dltlog2":7,"stat.killEntity.Zombie":5,"stat.mineBlock.minecraft.gold_ore":29,"stat.mineBlock.minecraft.tallgrass":59,"stat.diveOneCm":19195,"stat.pickup.minecraft.cooked_mutton":61,"stat.chestOpened":41,"stat.pickup.abyssalcraft.shoggothflesh":28,"stat.pickup.cyclicmagic.charm_fire":2,"stat.killEntity.quark:crab":4,"stat.mineBlock.botania.doubleflower2":2,"stat.pickup.botania.mushroom":3,"stat.mineBlock.minecraft.dark_oak_fence":1,"stat.pickup.minecraft.gravel":21,"stat.pickup.minecraft.arrow":1147,"stat.killEntity.EvocationIllager":2,"stat.useItem.minecraft.diamond_axe":190,"stat.mineBlock.abyssalcraft.nitreore":3,"stat.killEntity.Vex":5,"stat.mineBlock.minecraft.deadbush":1,"stat.mineBlock.mysticalagriculture.inferium_ore":90,"stat.mineBlock.botania.mushroom":1,"stat.useItem.minecraft.rotten_flesh":5,"stat.drop.minecraft.cooked_porkchop":1,"stat.jump":1385,"stat.pickup.minecraft.coal":651,"stat.fallOneCm":177479,"stat.mineBlock.quark.monster_box":1,"stat.pickup.minecraft.iron_ingot":5,"stat.pickup.botania.lexicon":2,"stat.pickup.minecraft.carrot":1,"stat.pickup.minecraft.melon_seeds":8,"stat.useItem.abyssalcraft.corbone":2,"stat.pickup.minecraft.gunpowder":8,"stat.crouchOneCm":51036,"stat.pickup.minecraft.spider_eye":1,"stat.pickup.minecraft.dirt":53,"stat.pickup.evilcraft.dark_gem_crushed":38,"stat.useItem.quark.root_flower":4,"stat.pickup.minecraft.experience_bottle":1,"stat.killEntity.furantur":3,"stat.craftingTableInteraction":2,"stat.pickup.minecraft.iron_ore":218,"stat.useItem.cyclicmagic.inventory_food":1,"stat.killEntity.Damcell":1,"stat.pickup.cyclicmagic.tool_prospector":1,"stat.pickup.minecraft.gold_ore":29,"stat.useItem.minecraft.sapling":2,"stat.pickup.minecraft.leaves":22,"stat.mineBlock.minecraft.glass_pane":1,"stat.killEntity.abyssalcraft.lessershoggoth":12,"stat.damageTaken":6217,"stat.pickup.minecraft.leather":6,"stat.useItem.quark.cooked_crab_leg":1,"stat.pickup.minecraft.feather":1,"stat.drop.minecraft.bone":2,"stat.mineBlock.minecraft.torch":10,"stat.pickup.minecraft.dark_oak_fence":2,"stat.pickup.evilcraft.dark_gem":41,"stat.pickup.mysticalagriculture.crafting":582,"stat.pickup.minecraft.planks":2,"stat.pickup.minecraft.reeds":49,"stat.pickup.minecraft.bed":3,"stat.pickup.artifacts.thorn_pendant":1,"tombstone:undead_killed":18,"stat.pickup.minecraft.wheat_seeds":13,"stat.mineBlock.minecraft.gravel":21,"stat.pickup.waystones.waystone":1,"stat.damageDealt":20296,"stat.pickup.baubles.ring":1,"stat.killEntity.Silverfish":15,"stat.killEntity.Cow":2,"stat.mineBlock.quark.roots_blue_flower":3,"stat.mineBlock.minecraft.dirt":26,"stat.killEntity.VindicationIllager":5,"stat.killEntity.Pig":7,"stat.walkOneCm":207827,"stat.useItem.minecraft.torch":83,"stat.pickup.minecraft.stick":3,"stat.pickup.minecraft.iron_nugget":3,"stat.pickup.abyssalcraft.dltleaves":4,"stat.useItem.minecraft.cobblestone":28,"stat.mineBlock.draconicevolution.draconium_ore":12,"stat.mineBlock.quark.stone_speleothem":1,"stat.pickup.cyclicmagic.sprout_seed":1,"stat.useItem.cyclicmagic.heart_food":3,"stat.pickup.minecraft.log":93,"stat.mineBlock.xo.xp_ore":83,"stat.mineBlock.galacticraftcore.basic_block_core":215,"stat.pickup.quark.root_flower":8,"stat.pickup.galacticraftcore.basic_item":87,"stat.pickup.usefulbackpacks.backpack":1,"stat.useItem.structurize.shapetool":1,"stat.useItem.abyssalcraft.dltleaves":2,"stat.pickup.minecraft.sapling":10,"stat.pickup.minecraft.wooden_door":2,"stat.pickup.minecraft.cooked_beef":11,"stat.pickup.minecraft.apple":2,"stat.pickup.minecraft.ladder":1,"stat.pickup.eplus.decorative_book":1,"stat.killEntity.Skeleton":1,"stat.mineBlock.compressed_ores.compressedironore":51,"stat.killEntity.Bonepile":2,"stat.pickup.harvestcraft.queenbeeitem":1,"stat.pickup.quark.root":1,"stat.mineBlock.abyssalcraft.coraliumore":36,"stat.killEntity.Spider":4,"stat.killEntity.WitherSkeleton":1,"stat.mineBlock.waystones.waystone":2,"stat.mobKills":180,"stat.killEntity.Boulderer":4,"stat.mineBlock.minecraft.log":77,"stat.mineBlock.minecraft.bookshelf":3,"stat.mineBlock.abyssalcraft.dltleaves":7,"stat.pickup.props.props":2,"stat.pickup.minecraft.diamond":141,"stat.mineBlock.minecraft.leaves":26,"stat.pickup.minecraft.beetroot_seeds":5,"stat.pickup.quark.cooked_crab_leg":10,"stat.pickup.minecraft.torch":18,"stat.mineBlock.minecraft.redstone_ore":36,"stat.sneakTime":14298,"stat.pickup.minecraft.wool":44,"stat.mineBlock.minecraft.cobblestone_wall":20,"stat.mineBlock.minecraft.bone_block":106,"stat.drop.minecraft.arrow":1,"stat.pickup.abyssalcraft.dltlog":57,"tombstone:steal_effect":3,"stat.pickup.minecraft.stone_slab":1,"stat.pickup.minecraft.yellow_flower":3,"stat.mineBlock.minecraft.stone":4081,"stat.pickup.abyssalcraft.corbone":2,"stat.pickup.minecraft.chest":2}