{"stat.pickup.tconstruct.book":2,"stat.chestOpened":1,"stat.pickup.harvestcraft.kaleitem":4,"stat.walkOneCm":31269,"stat.pickup.minecraft.bone":2,"stat.useItem.harvestcraft.spiceleafitem":1,"stat.leaveGame":2,"stat.pickup.minecraft.arrow":1,"stat.pickup.harvestcraft.waterchestnutitem":1,"stat.craftItem.minecraft.crafting_table":1,"stat.mineBlock.minecraft.yellow_flower":1,"stat.useItem.harvestcraft.blueberryitem":1,"stat.useItem.harvestcraft.milletitem":2,"stat.pickup.guideapi.cyclicmagic-guide":2,"stat.useItem.tombstone.lollipop":1,"stat.entityKilledBy.WitherSkeleton":1,"stat.pickup.minecraft.log":3,"stat.useItem.minecraft.melon":8,"stat.swimOneCm":10817,"stat.jump":513,"stat.fallOneCm":14243,"stat.useItem.tombstone.gift":1,"stat.pickup.openblocks.info_book":2,"stat.entityKilledBy.Skeleton":1,"stat.pickup.harvestcraft.spiceleafitem":1,"stat.useItem.harvestcraft.kaleitem":1,"stat.pickup.harvestcraft.mulberryitem":3,"stat.pickup.harvestcraft.milletitem":3,"stat.crouchOneCm":2865,"stat.pickup.harvestcraft.okraitem":1,"stat.pickup.minecraft.sapling":6,"stat.pickup.minecraft.dirt":14,"stat.useItem.minecraft.dirt":5,"stat.sprintOneCm":49017,"stat.useItem.minecraft.stone_slab2":5,"stat.craftItem.minecraft.stick":4,"stat.craftingTableInteraction":1,"tombstone:eaten_lollipop":1,"stat.pickup.minecraft.sand":1,"stat.pickup.tombstone.lollipop":1,"stat.craftItem.minecraft.planks":12,"stat.pickup.guideapi.vampirism-guide":2,"stat.damageTaken":1045,"stat.pickup.minecraft.name_tag":1,"stat.pickup.harvestcraft.blueberryitem":1,"stat.useItem.harvestcraft.waterchestnutitem":1,"stat.mobKills":1,"stat.craftItem.minecraft.wooden_sword":1,"stat.mineBlock.minecraft.log":3,"stat.pickup.harvestcraft.jicamaitem":1,"stat.pickup.mysticalagriculture.crafting":1,"stat.pickup.minecraft.planks":8,"stat.pickup.minecraft.reeds":45,"stat.flyOneCm":130122,"stat.deaths":3,"tombstone:undead_killed":1,"stat.pickup.minecraft.wheat_seeds":3,"stat.pickup.conarm.book":2,"stat.mineBlock.minecraft.sand":1,"stat.playOneMinute":33991,"stat.useItem.minecraft.wooden_sword":5,"stat.useItem.harvestcraft.okraitem":1,"stat.sneakTime":608,"stat.useItem.harvestcraft.jicamaitem":1,"stat.damageDealt":233,"stat.timeSinceDeath":5540,"stat.mineBlock.harvestcraft.soggygarden":3,"stat.pickup.minecraft.yellow_flower":1,"stat.mineBlock.minecraft.dirt":3,"stat.mineBlock.minecraft.tallgrass":7,"stat.useItem.harvestcraft.mulberryitem":2,"stat.diveOneCm":12691}