{"stat.pickup.tconstruct.book":6,"stat.craftItem.minecraft.diamond_chestplate":1,"stat.pickup.minecraft.bone":203,"stat.useItem.harvestcraft.rhubarbitem":2,"stat.craftItem.minecraft.diamond_leggings":1,"stat.useItem.harvestcraft.garlicitem":1,"stat.leaveGame":3,"stat.mineBlock.minecraft.cobblestone":56,"stat.pickup.minecraft.stone_pickaxe":16,"stat.mineBlock.minecraft.yellow_flower":1,"stat.useItem.harvestcraft.milletitem":2,"stat.pickup.tconstruct.edible":30,"stat.mineBlock.minecraft.brown_mushroom":1,"stat.killEntity.vampirism.vampire":20,"stat.useItem.minecraft.diamond_sword":326,"stat.pickup.backpack.bound_leather":18,"stat.drop.minecraft.iron_nugget":2,"stat.craftItem.minecraft.diamond_helmet":1,"stat.swimOneCm":63950,"stat.useItem.minecraft.planks":52,"stat.climbOneCm":584,"stat.mineBlock.minecraft.web":3,"stat.pickup.minecraft.cooked_porkchop":11,"stat.mineBlock.evilcraft.dark_ore":3,"stat.pickup.minecraft.porkchop":6,"stat.pickup.minecraft.glass":84,"stat.entityKilledBy.abyssalcraft.evilpig":1,"stat.pickup.harvestcraft.okraitem":1,"stat.useItem.minecraft.dirt":22,"stat.useItem.harvestcraft.tomatoitem":1,"stat.useItem.minecraft.stone_slab2":278,"stat.useItem.quark.crab_leg":1,"stat.pickup.inventorypets.nugget_lapis":272,"stat.pickup.minecraft.rotten_flesh":134,"stat.pickup.minecraft.sand":87,"stat.craftItem.minecraft.furnace":2,"stat.craftItem.backpack.bound_leather":9,"stat.entityKilledBy.Spider":1,"stat.drop.evilcraft.werewolf_flesh":1,"stat.killEntity.artifacts.mimic":1,"stat.pickup.minecraft.enchanting_table":4,"stat.pickup.minecraft.name_tag":306,"stat.craftItem.minecraft.stone_pickaxe":1,"stat.useItem.botania.flower":1,"stat.craftItem.minecraft.cooked_beef":15,"stat.pickup.harvestcraft.wintersquashitem":5,"stat.pickup.minecraft.shears":1,"stat.pickup.minecraft.cobblestone":802,"stat.pickup.minecraft.gold_block":18,"stat.pickup.harvestcraft.jicamaitem":1,"stat.pickup.inventorypets.nugget_diamond":597,"stat.pickup.minecraft.diamond_leggings":5,"stat.pickup.vampirism.item_tent":1,"stat.craftItem.minecraft.stone_sword":1,"stat.flyOneCm":883910,"stat.pickup.harvestcraft.radishitem":5,"stat.useItem.minecraft.ender_pearl":2,"stat.pickup.minecraft.glass_bottle":13,"stat.pickup.minecraft.brown_mushroom":3,"stat.mineBlock.minecraft.sand":55,"stat.killEntity.Witch":1,"stat.pickup.quark.marble":20,"stat.drop.minecraft.wheat_seeds":3,"stat.useItem.harvestcraft.whitemushroomitem":48,"stat.useItem.minecraft.cooked_beef":37,"stat.pickup.harvestcraft.scallionitem":273,"stat.pickup.travelersbackpack.hose":1,"stat.useItem.harvestcraft.jicamaitem":1,"stat.pickup.quark.tallow":2,"stat.pickup.harvestcraft.leekitem":1,"stat.mineBlock.minecraft.iron_ore":22,"stat.craftItem.minecraft.book":1,"stat.timeSinceDeath":74486,"stat.drop.harvestcraft.radishitem":2,"stat.useItem.harvestcraft.peanutitem":1,"stat.craftItem.minecraft.wooden_pickaxe":1,"stat.pickup.minecraft.mutton":6,"stat.drop.minecraft.name_tag":1,"stat.pickup.harvestcraft.rhubarbitem":2,"stat.trappedChestTriggered":8,"stat.pickup.harvestcraft.whitemushroomitem":99,"stat.pickup.travelersbackpack.travelers_backpack":2,"stat.pickup.harvestcraft.beanitem":1,"stat.furnaceInteraction":21,"stat.mineBlock.minecraft.enchanting_table":2,"stat.useItem.harvestcraft.blueberryitem":1,"stat.useItem.inventorypets.mooshroom_pet":10,"stat.pickup.harvestcraft.cherryitem":2,"stat.drop.minecraft.dirt":68,"stat.pickup.guideapi.cyclicmagic-guide":6,"stat.mineBlock.botania.flower":2,"stat.useItem.minecraft.cooked_porkchop":11,"stat.killEntity.ZombieVillager":2,"stat.pickup.harvestcraft.cornitem":1,"stat.pickup.minecraft.diamond_shovel":2,"stat.killEntity.vampirism.vampire_hunter":19,"stat.useItem.tombstone.lollipop":3,"stat.useItem.harvestcraft.leekitem":1,"stat.killEntity.Creeper":3,"stat.pickup.minecraft.shield":1,"stat.pickup.minecraft.wooden_sword":2,"stat.pickup.vampirism.altar_tip":6,"stat.entityKilledBy.WitherSkeleton":1,"stat.pickup.minecraft.string":248,"stat.pickup.harvestcraft.turnipitem":1,"stat.pickup.minecraft.beef":37,"stat.pickup.quark.crab_leg":1,"stat.useItem.minecraft.cooked_mutton":6,"stat.mineBlock.vampirism.altar_pillar":18,"stat.pickup.tombstone.crafting_ingredient":37,"stat.useItem.quark.marble":9,"stat.entityKilledBy.Skeleton":6,"stat.craftItem.minecraft.stone_slab2":0,"stat.mineBlock.harvestcraft.windygarden":5,"stat.pickup.harvestcraft.mulberryitem":3,"stat.killEntity.Squid":1,"stat.sprintOneCm":276204,"stat.pickup.minecraft.paper":176,"stat.useItem.minecraft.diamond_shovel":54,"stat.pickup.minecraft.iron_chestplate":2,"stat.craftItem.minecraft.stick":12,"stat.useItem.harvestcraft.chickenbiscuititem":40,"stat.useItem.harvestcraft.blackberryitem":2,"stat.pickup.tombstone.lollipop":3,"stat.useItem.carryon.tile_item":6,"stat.mineBlock.vampirism.altar_infusion":1,"stat.drop.inventorypets.dubstep_pet":1,"stat.mineBlock.minecraft.crafting_table":3,"stat.pickup.inventorypets.cheetah_pet":3,"stat.useItem.minecraft.diamond_pickaxe":56,"stat.useItem.minecraft.wheat":2,"stat.useItem.harvestcraft.turnipitem":1,"stat.useItem.harvestcraft.waterchestnutitem":1,"stat.pickup.minecraft.emerald":130,"stat.pickup.minecraft.diamond_chestplate":7,"stat.craftItem.minecraft.obsidian":33,"stat.pickup.botania.flower":3,"stat.entityKilledBy.Creeper":1,"stat.useItem.minecraft.beef":8,"stat.mineBlock.quark.marble":10,"stat.useItem.harvestcraft.beanitem":1,"stat.pickup.harvestcraft.mustardseedsitem":1,"stat.deaths":15,"stat.drop":38,"stat.playOneMinute":225075,"stat.useItem.minecraft.wooden_sword":58,"stat.useItem.harvestcraft.okraitem":1,"stat.pickup.inventorypets.nugget_obsidian":748,"stat.killEntity.Sheep":4,"stat.useItem.harvestcraft.zucchiniitem":2,"stat.craftItem.minecraft.diamond_pickaxe":1,"stat.killEntity.Zombie":25,"stat.craftItem.minecraft.dye":12,"stat.drop.minecraft.bread":1,"stat.pickup.eplus.advanced_table":1,"stat.pickup.toughasnails.canteen":1,"stat.mineBlock.minecraft.tallgrass":25,"stat.craftItem.minecraft.cooked_mutton":6,"stat.diveOneCm":77214,"stat.pickup.minecraft.wheat":14,"stat.pickup.harvestcraft.garlicitem":1,"stat.chestOpened":39,"stat.pickup.harvestcraft.kaleitem":4,"stat.pickup.harvestcraft.tomatoitem":1,"stat.killEntity.quark:crab":1,"stat.drop.harvestcraft.cornitem":1,"stat.drop.minecraft.wooden_pickaxe":2,"stat.pickup.minecraft.arrow":153,"stat.pickup.harvestcraft.waterchestnutitem":1,"stat.useItem.minecraft.apple":2,"stat.pickup.vampirism.pure_blood":123,"stat.pickup.minecraft.obsidian":58,"stat.pickup.inventorypets.nugget_ender":398,"stat.useItem.minecraft.porkchop":3,"stat.pickup.travelersbackpack.hose_nozzle":1,"stat.useItem.minecraft.rotten_flesh":1,"stat.pickup.harvestcraft.blackberryitem":2,"stat.pickup.minecraft.diamond_sword":4,"stat.craftItem.minecraft.diamond_sword":1,"stat.drop.harvestcraft.wintersquashitem":5,"stat.jump":3859,"stat.drop.inventorypets.cow_pet":1,"stat.pickup.minecraft.iron_helmet":1,"stat.pickup.minecraft.coal":128,"stat.fallOneCm":111884,"stat.pickup.minecraft.iron_ingot":26,"stat.useItem.harvestcraft.kaleitem":3,"stat.drop.minecraft.diamond_sword":1,"stat.pickup.minecraft.gunpowder":18,"stat.pickup.harvestcraft.milletitem":3,"stat.crouchOneCm":40298,"stat.mineBlock.harvestcraft.shadedgarden":7,"stat.craftItem.minecraft.diamond":24,"stat.pickup.harvestcraft.peanutitem":1,"stat.pickup.minecraft.spider_eye":4,"stat.craftItem.minecraft.iron_ingot":21,"stat.craftItem.minecraft.chest":8,"stat.pickup.minecraft.dirt":947,"stat.pickup.evilcraft.dark_gem_crushed":6,"stat.entityKilledBy.evilcraft.vengeance_spirit":2,"stat.pickup.travelersbackpack.sleeping_bag_bottom":1,"stat.pickup.vampirism.blood_container":1,"stat.pickup.vampirism.vampire_fang":5,"stat.killEntity.furantur":3,"stat.craftingTableInteraction":41,"stat.pickup.minecraft.iron_ore":38,"stat.craftItem.abyssalcraft.ironp":9,"stat.useItem.minecraft.sapling":1,"stat.pickup.minecraft.leaves":616,"stat.pickup.minecraft.iron_axe":1,"stat.drop.vampirism.holy_salt":3,"stat.pickup.minecraft.wooden_pickaxe":8,"stat.killEntity.abyssalcraft.evilsheep":1,"stat.damageTaken":8449,"stat.pickup.minecraft.leather":814,"stat.pickup.minecraft.feather":13,"stat.drop.minecraft.bone":3,"stat.killEntity.tconstruct.blueslime":14,"stat.useItem.minecraft.wooden_pickaxe":35,"stat.useItem.minecraft.reeds":1,"stat.pickup.harvestcraft.pawpawitem":2,"stat.pickup.evilcraft.dark_gem":35,"stat.useItem.harvestcraft.radishitem":3,"stat.pickup.harvestcraft.blueberryitem":1,"stat.craftItem.minecraft.wooden_sword":1,"stat.pickup.mysticalagriculture.crafting":414,"stat.pickup.minecraft.dye":73,"stat.pickup.minecraft.planks":4728,"stat.pickup.minecraft.reeds":1863,"stat.pickup.minecraft.iron_leggings":3,"stat.pickup.minecraft.bed":3,"tombstone:undead_killed":48,"stat.useItem.tombstone.grave_key":1,"stat.craftItem.minecraft.diamond_shovel":1,"stat.pickup.conarm.book":6,"stat.pickup.minecraft.wheat_seeds":34,"stat.useItem.minecraft.stone_pickaxe":1,"stat.drop.mysticalagriculture.crafting":1,"stat.useItem.minecraft.stone_sword":39,"stat.mineBlock.vampirism.altar_tip":6,"stat.pickup.inventorypets.dubstep_pet":4,"stat.damageDealt":20708,"stat.useItem.harvestcraft.cherryitem":2,"stat.killEntity.Cow":7,"stat.pickup.harvestcraft.chickenbiscuititem":48,"stat.mineBlock.minecraft.dirt":10,"stat.useItem.minecraft.crafting_table":5,"stat.killEntity.Pig":4,"stat.killEntity.abyssalcraft.demonsheep":1,"stat.walkOneCm":349871,"stat.useItem.minecraft.chest":2,"stat.pickup.minecraft.stick":47,"stat.pickup.minecraft.iron_nugget":651,"stat.pickup.minecraft.diamond_pickaxe":4,"stat.useItem.harvestcraft.spiceleafitem":3,"stat.pickup.minecraft.crafting_table":3,"stat.useItem.minecraft.cobblestone":419,"stat.craftItem.minecraft.crafting_table":12,"stat.useItem.harvestcraft.pawpawitem":2,"stat.mineBlock.minecraft.double_plant":2,"stat.pickup.inventorypets.mooshroom_pet":6,"stat.pickup.abyssalcraft.ironp":16,"stat.pickup.minecraft.log":36,"stat.mineBlock.eplus.advanced_table":1,"stat.pickup.inventorypets.cow_pet":15,"stat.useItem.minecraft.melon":62,"stat.craftItem.minecraft.diamond_boots":1,"stat.drop.minecraft.chicken":1,"stat.pickup.minecraft.iron_pickaxe":3,"stat.pickup.openblocks.info_book":6,"stat.useItem.tombstone.gift":1,"stat.pickup.harvestcraft.spiceleafitem":3,"stat.drop.minecraft.iron_chestplate":1,"stat.useItem.harvestcraft.scallionitem":110,"stat.drop.minecraft.planks":256,"stat.pickup.minecraft.stone":1,"stat.pickup.minecraft.chicken":7,"stat.pickup.harvestcraft.zucchiniitem":2,"stat.pickup.minecraft.sapling":33,"stat.pickup.minecraft.ender_pearl":12,"stat.pickup.minecraft.apple":2,"stat.pickup.minecraft.cooked_beef":54,"tombstone:eaten_lollipop":3,"stat.killEntity.Skeleton":5,"stat.pickup.vampirism.holy_salt":3,"stat.pickup.vampirism.altar_pillar":18,"stat.craftItem.minecraft.planks":100,"stat.killEntity.Bonepile":3,"stat.itemEnchanted":3,"stat.pickup.guideapi.vampirism-guide":6,"stat.pickup.minecraft.diamond_helmet":5,"stat.pickup.travelersbackpack.backpack_tank":5,"stat.killEntity.Spider":11,"stat.killEntity.WitherSkeleton":1,"stat.pickup.minecraft.stone_sword":11,"stat.pickup.minecraft.bread":1,"stat.craftItem.backpack.tanned_leather":18,"stat.mobKills":147,"stat.drop.minecraft.diamond_boots":1,"stat.pickup.minecraft.diamond_boots":5,"stat.mineBlock.minecraft.log":15,"stat.pickup.vampirism.altar_infusion":1,"stat.pickup.minecraft.water_bucket":1,"stat.pickup.minecraft.diamond":116,"stat.pickup.vampirism.human_heart":43,"stat.craftItem.minecraft.paper":63,"stat.pickup.minecraft.torch":1,"stat.sneakTime":13121,"stat.pickup.minecraft.wool":268,"stat.drop.minecraft.beef":3,"stat.mineBlock.harvestcraft.soggygarden":3,"stat.pickup.minecraft.yellow_flower":2,"stat.mineBlock.minecraft.stone":19,"stat.useItem.harvestcraft.mulberryitem":2,"stat.craftItem.minecraft.enchanting_table":1}