{"stat.mineBlock.quark.roots_white_flower":1,"stat.pickup.abyssalcraft.coralium":178,"stat.pickup.minecraft.bone":24,"stat.pickup.draconicevolution.draconium_dust":72,"stat.pickup.minecraft.bookshelf":3,"stat.leaveGame":2,"stat.pickup.evilcraft.blood_extractor":1,"stat.mineBlock.minecraft.cobblestone":10,"stat.pickup.abyssalcraft.corflesh":3,"stat.useItem.minecraft.diamond_sword":179,"stat.swimOneCm":20309,"stat.climbOneCm":4362,"stat.mineBlock.minecraft.web":3,"stat.pickup.minecraft.cooked_porkchop":31,"stat.mineBlock.evilcraft.dark_ore":17,"stat.pickup.minecraft.porkchop":16,"stat.mineBlock.quark.roots":6,"stat.useItem.minecraft.stone_slab2":17,"stat.useItem.quark.crab_leg":2,"stat.pickup.minecraft.rotten_flesh":25,"stat.pickup.minecraft.sand":8,"stat.killEntity.artifacts.mimic":1,"stat.killEntity.abyssalcraft.abyssalzombie":2,"stat.pickup.minecraft.cobblestone_wall":8,"stat.killEntity.archer":8,"stat.pickup.minecraft.cobblestone":3711,"stat.pickup.quark.black_ash":2,"stat.mineBlock.minecraft.clay":85,"stat.useItem.minecraft.anvil":1,"stat.flyOneCm":593688,"stat.pickup.minecraft.clay":85,"stat.killEntity.Witch":1,"stat.drop.minecraft.wheat_seeds":4,"stat.useItem.minecraft.cooked_beef":11,"stat.pickup.quark.tallow":46,"stat.pickup.minecraft.redstone":82,"stat.mineBlock.minecraft.iron_ore":167,"stat.timeSinceDeath":112229,"stat.pickup.minecraft.mutton":31,"stat.pickup.structurize.sceptersteel":1,"stat.pickup.ancientbeasts.kunai":1,"stat.trappedChestTriggered":7,"stat.furnaceInteraction":1,"stat.pickup.harvestcraft.cherryitem":1,"stat.pickup.galacticraftcore.basic_block_core":180,"stat.useItem.minecraft.cooked_porkchop":26,"stat.mineBlock.botania.flower":11,"stat.mineBlock.minecraft.coal_ore":287,"stat.killEntity.Creeper":1,"stat.talkedToVillager":5,"stat.mineBlock.compressed_ores.compressedcoalore":25,"stat.pickup.abyssalcraft.nitre":13,"stat.pickup.minecraft.string":5,"stat.pickup.quark.crab_leg":2,"stat.useItem.minecraft.cooked_mutton":49,"stat.sprintOneCm":154791,"stat.useItem.minecraft.diamond_shovel":132,"stat.mineBlock.minecraft.stone_slab":1,"stat.pickup.minecraft.skull":6,"stat.pickup.tombstone.magic_scroll":1,"stat.pickup.minecraft.bone_block":106,"stat.useItem.cyclicmagic.crafting_food":1,"stat.pickup.quark.crab_shell":2,"stat.pickup.minecraft.potion":5,"stat.mineBlock.minecraft.diamond_ore":68,"stat.craftItem.evilcraft.blood_extractor":5,"stat.pickup.minecraft.grass":7,"stat.killEntity.Husk":1,"stat.useItem.minecraft.diamond_pickaxe":899,"stat.pickup.minecraft.emerald":1,"stat.pickup.botania.flower":10,"stat.drop":6,"stat.pickup.minecraft.egg":1,"stat.playOneMinute":112229,"stat.drop.minecraft.string":1,"stat.killEntity.Sheep":20,"stat.mineBlock.mysticalagriculture.prosperity_ore":40,"stat.useItem.minecraft.diamond_ore":63,"stat.killEntity.Zombie":5,"stat.mineBlock.minecraft.gold_ore":29,"stat.mineBlock.minecraft.tallgrass":22,"stat.diveOneCm":19195,"stat.pickup.minecraft.cooked_mutton":61,"stat.chestOpened":21,"stat.killEntity.quark:crab":4,"stat.mineBlock.botania.doubleflower2":2,"stat.pickup.botania.mushroom":3,"stat.mineBlock.minecraft.dark_oak_fence":1,"stat.pickup.minecraft.gravel":21,"stat.pickup.minecraft.arrow":1147,"stat.useItem.minecraft.diamond_axe":112,"stat.mineBlock.abyssalcraft.nitreore":3,"stat.mineBlock.minecraft.deadbush":1,"stat.mineBlock.mysticalagriculture.inferium_ore":90,"stat.mineBlock.botania.mushroom":1,"stat.useItem.minecraft.rotten_flesh":4,"stat.drop.minecraft.cooked_porkchop":1,"stat.jump":1111,"stat.pickup.minecraft.coal":651,"stat.fallOneCm":130745,"stat.mineBlock.quark.monster_box":1,"stat.pickup.minecraft.iron_ingot":5,"stat.pickup.botania.lexicon":2,"stat.pickup.minecraft.melon_seeds":8,"stat.pickup.minecraft.gunpowder":7,"stat.crouchOneCm":44873,"stat.pickup.minecraft.spider_eye":1,"stat.pickup.minecraft.dirt":50,"stat.pickup.evilcraft.dark_gem_crushed":38,"stat.useItem.quark.root_flower":4,"stat.pickup.minecraft.experience_bottle":1,"stat.craftingTableInteraction":2,"stat.pickup.minecraft.iron_ore":218,"stat.useItem.cyclicmagic.inventory_food":1,"stat.killEntity.Damcell":1,"stat.pickup.cyclicmagic.tool_prospector":1,"stat.pickup.minecraft.gold_ore":29,"stat.useItem.minecraft.sapling":2,"stat.pickup.minecraft.leaves":22,"stat.damageTaken":4151,"stat.pickup.minecraft.leather":6,"stat.useItem.quark.cooked_crab_leg":1,"stat.mineBlock.minecraft.torch":8,"stat.pickup.minecraft.dark_oak_fence":1,"stat.pickup.evilcraft.dark_gem":41,"stat.pickup.mysticalagriculture.crafting":574,"stat.pickup.minecraft.planks":2,"stat.pickup.minecraft.reeds":46,"stat.pickup.minecraft.bed":2,"stat.pickup.artifacts.thorn_pendant":1,"tombstone:undead_killed":15,"stat.pickup.minecraft.wheat_seeds":9,"stat.mineBlock.minecraft.gravel":21,"stat.damageDealt":11303,"stat.pickup.baubles.ring":1,"stat.killEntity.Silverfish":3,"stat.killEntity.Cow":2,"stat.mineBlock.quark.roots_blue_flower":3,"stat.mineBlock.minecraft.dirt":26,"stat.killEntity.VindicationIllager":1,"stat.killEntity.Pig":7,"stat.walkOneCm":157782,"stat.useItem.minecraft.torch":71,"stat.pickup.minecraft.stick":3,"stat.pickup.minecraft.iron_nugget":3,"stat.useItem.minecraft.cobblestone":28,"stat.mineBlock.draconicevolution.draconium_ore":12,"stat.mineBlock.quark.stone_speleothem":1,"stat.pickup.cyclicmagic.sprout_seed":1,"stat.pickup.minecraft.log":93,"stat.mineBlock.xo.xp_ore":83,"stat.mineBlock.galacticraftcore.basic_block_core":215,"stat.pickup.quark.root_flower":8,"stat.pickup.galacticraftcore.basic_item":87,"stat.pickup.usefulbackpacks.backpack":1,"stat.useItem.structurize.shapetool":1,"stat.pickup.minecraft.sapling":10,"stat.pickup.minecraft.cooked_beef":11,"stat.pickup.minecraft.apple":2,"stat.pickup.minecraft.ladder":1,"stat.pickup.eplus.decorative_book":1,"stat.killEntity.Skeleton":1,"stat.mineBlock.compressed_ores.compressedironore":51,"stat.killEntity.Bonepile":2,"stat.pickup.harvestcraft.queenbeeitem":1,"stat.pickup.quark.root":1,"stat.mineBlock.abyssalcraft.coraliumore":36,"stat.killEntity.Spider":3,"stat.mobKills":92,"stat.killEntity.Boulderer":4,"stat.mineBlock.minecraft.log":77,"stat.mineBlock.minecraft.bookshelf":3,"stat.pickup.props.props":2,"stat.pickup.minecraft.diamond":141,"stat.mineBlock.minecraft.leaves":26,"stat.pickup.minecraft.beetroot_seeds":5,"stat.pickup.quark.cooked_crab_leg":10,"stat.pickup.minecraft.torch":15,"stat.mineBlock.minecraft.redstone_ore":36,"stat.sneakTime":12611,"stat.pickup.minecraft.wool":44,"stat.mineBlock.minecraft.cobblestone_wall":8,"stat.mineBlock.minecraft.bone_block":106,"stat.drop.minecraft.arrow":1,"tombstone:steal_effect":1,"stat.pickup.minecraft.stone_slab":1,"stat.mineBlock.minecraft.stone":4081,"stat.pickup.minecraft.chest":2}