{"stat.pickup.abyssalcraft.coralium":115,"stat.pickup.minecraft.bone":2,"stat.pickup.draconicevolution.draconium_dust":72,"stat.leaveGame":1,"stat.pickup.evilcraft.blood_extractor":1,"stat.mineBlock.minecraft.cobblestone":4,"stat.useItem.minecraft.diamond_sword":71,"stat.swimOneCm":12922,"stat.pickup.minecraft.cooked_porkchop":13,"stat.mineBlock.evilcraft.dark_ore":10,"stat.pickup.minecraft.porkchop":4,"stat.mineBlock.quark.roots":3,"stat.useItem.minecraft.stone_slab2":12,"stat.pickup.minecraft.rotten_flesh":19,"stat.killEntity.artifacts.mimic":1,"stat.killEntity.abyssalcraft.abyssalzombie":1,"stat.pickup.minecraft.cobblestone":3130,"stat.pickup.quark.black_ash":2,"stat.mineBlock.minecraft.clay":31,"stat.useItem.minecraft.anvil":1,"stat.flyOneCm":48679,"stat.pickup.minecraft.clay":31,"stat.killEntity.Witch":1,"stat.useItem.minecraft.cooked_beef":5,"stat.pickup.quark.tallow":22,"stat.pickup.minecraft.redstone":81,"stat.mineBlock.minecraft.iron_ore":106,"stat.timeSinceDeath":57110,"stat.pickup.structurize.sceptersteel":1,"stat.pickup.harvestcraft.cherryitem":1,"stat.pickup.galacticraftcore.basic_block_core":143,"stat.useItem.minecraft.cooked_porkchop":13,"stat.mineBlock.minecraft.coal_ore":87,"stat.mineBlock.compressed_ores.compressedcoalore":22,"stat.pickup.abyssalcraft.nitre":13,"stat.sprintOneCm":15915,"stat.useItem.minecraft.diamond_shovel":37,"stat.pickup.minecraft.skull":3,"stat.useItem.cyclicmagic.crafting_food":1,"stat.pickup.quark.crab_shell":2,"stat.mineBlock.minecraft.diamond_ore":4,"stat.craftItem.evilcraft.blood_extractor":5,"stat.pickup.minecraft.grass":2,"stat.useItem.minecraft.diamond_pickaxe":499,"stat.pickup.minecraft.egg":1,"stat.playOneMinute":57110,"stat.mineBlock.mysticalagriculture.prosperity_ore":15,"stat.killEntity.Zombie":4,"stat.mineBlock.minecraft.gold_ore":16,"stat.mineBlock.minecraft.tallgrass":1,"stat.diveOneCm":1834,"stat.killEntity.quark:crab":3,"stat.pickup.botania.mushroom":1,"stat.useItem.minecraft.diamond_axe":106,"stat.mineBlock.abyssalcraft.nitreore":3,"stat.mineBlock.mysticalagriculture.inferium_ore":44,"stat.mineBlock.botania.mushroom":1,"stat.useItem.minecraft.rotten_flesh":4,"stat.jump":288,"stat.pickup.minecraft.coal":191,"stat.fallOneCm":22825,"stat.mineBlock.quark.monster_box":1,"stat.pickup.minecraft.gunpowder":4,"stat.crouchOneCm":20924,"stat.pickup.minecraft.dirt":4,"stat.pickup.evilcraft.dark_gem_crushed":25,"stat.craftingTableInteraction":2,"stat.pickup.minecraft.iron_ore":136,"stat.useItem.cyclicmagic.inventory_food":1,"stat.pickup.minecraft.gold_ore":16,"stat.pickup.minecraft.leaves":22,"stat.damageTaken":1329,"stat.pickup.minecraft.leather":5,"stat.mineBlock.minecraft.torch":4,"stat.pickup.evilcraft.dark_gem":25,"stat.pickup.mysticalagriculture.crafting":279,"stat.pickup.artifacts.thorn_pendant":1,"tombstone:undead_killed":9,"stat.damageDealt":5162,"stat.pickup.baubles.ring":1,"stat.killEntity.Cow":2,"stat.mineBlock.quark.roots_blue_flower":3,"stat.mineBlock.minecraft.dirt":6,"stat.killEntity.Pig":4,"stat.walkOneCm":53761,"stat.useItem.minecraft.torch":45,"stat.pickup.minecraft.stick":1,"stat.pickup.minecraft.iron_nugget":3,"stat.useItem.minecraft.cobblestone":26,"stat.mineBlock.draconicevolution.draconium_ore":12,"stat.mineBlock.quark.stone_speleothem":1,"stat.pickup.minecraft.log":93,"stat.mineBlock.xo.xp_ore":47,"stat.mineBlock.galacticraftcore.basic_block_core":176,"stat.pickup.quark.root_flower":4,"stat.pickup.galacticraftcore.basic_item":87,"stat.pickup.usefulbackpacks.backpack":1,"stat.useItem.structurize.shapetool":1,"stat.pickup.minecraft.sapling":7,"stat.pickup.minecraft.cooked_beef":8,"stat.pickup.eplus.decorative_book":1,"stat.mineBlock.compressed_ores.compressedironore":30,"stat.pickup.quark.root":1,"stat.mineBlock.abyssalcraft.coraliumore":26,"stat.mobKills":29,"stat.killEntity.Boulderer":4,"stat.mineBlock.minecraft.log":77,"stat.pickup.props.props":1,"stat.pickup.minecraft.diamond":7,"stat.mineBlock.minecraft.leaves":26,"stat.pickup.quark.cooked_crab_leg":10,"stat.pickup.minecraft.torch":7,"stat.mineBlock.minecraft.redstone_ore":36,"stat.sneakTime":7729,"stat.pickup.minecraft.wool":2,"tombstone:steal_effect":1,"stat.mineBlock.minecraft.stone":3545}