{"stat.mineBlock.quark.roots_white_flower":1,"stat.pickup.draconicevolution.draconium_dust":72,"stat.leaveGame":5,"stat.useItem.minecraft.glowstone":4,"stat.mineBlock.minecraft.sandstone":2,"stat.killEntity.abyssalcraft.demonpig":1,"stat.drop.quark.cooked_crab_leg":3,"stat.mineBlock.minecraft.web":4,"stat.drop.minecraft.feather":1,"stat.pickup.minecraft.rotten_flesh":49,"stat.useItem.minecraft.sandstone_stairs":1,"stat.drop.cyclicmagic.tool_warp_home":2,"stat.pickup.minecraft.cobblestone_wall":29,"stat.useItem.minecraft.anvil":1,"stat.killEntity.abyssalcraft.shadowcreature":2,"stat.pickup.minecraft.brown_mushroom":1,"stat.killEntity.Witch":2,"stat.pickup.quark.tallow":46,"stat.mineBlock.openblocks.trophy":1,"stat.mineBlock.betternether.block_eyeball_small":1,"stat.pickup.minecraft.double_plant":4,"stat.mineBlock.minecraft.vine":34,"stat.furnaceInteraction":1,"stat.pickup.harvestcraft.cherryitem":1,"stat.mineBlock.botania.flower":39,"stat.killEntity.ZombieVillager":9,"stat.mineBlock.betternether.cincinnasite_stairs":1,"stat.pickup.minecraft.nether_brick":6,"stat.pickup.quark.crab_leg":2,"stat.pickup.betternether.eye_seed":13,"stat.pickup.spartanshields.shield_basic_diamond":2,"stat.mineBlock.abyssalcraft.dltlog":57,"stat.pickup.minecraft.potion":5,"stat.useItem.minecraft.flint_and_steel":2,"stat.killEntity.Husk":2,"stat.pickup.minecraft.emerald":25,"stat.pickup.minecraft.egg":1,"stat.mineBlock.cyclicmagic.nether_lapis_ore":5,"stat.pickup.abyssalcraft.dltlog2":7,"stat.mineBlock.minecraft.tallgrass":77,"stat.pickup.minecraft.cooked_mutton":61,"stat.chestOpened":103,"stat.pickup.cyclicmagic.charm_fire":4,"stat.pickup.botania.mushroom":3,"stat.pickup.minecraft.arrow":1147,"stat.killEntity.Vex":7,"stat.pickup.minecraft.gold_nugget":38,"stat.mineBlock.botania.mushroom":1,"stat.mineBlock.quark.monster_box":1,"stat.pickup.botania.lexicon":2,"stat.pickup.minecraft.carrot":2,"stat.crouchOneCm":94423,"stat.useItem.quark.root_flower":4,"stat.killEntity.furantur":8,"stat.craftingTableInteraction":2,"stat.pickup.minecraft.dye":16,"stat.pickup.minecraft.planks":7,"stat.pickup.minecraft.wheat_seeds":23,"stat.mineBlock.minecraft.glass":1,"stat.pickup.openblocks.technicolor_glasses":1,"stat.mineBlock.minecraft.dirt":26,"stat.killEntity.VindicationIllager":9,"stat.killEntity.abyssalcraft.demonsheep":4,"stat.pickup.abyssalcraft.shadowfragment":4,"stat.useItem.minecraft.cobblestone":28,"stat.mineBlock.draconicevolution.draconium_ore":12,"stat.mineBlock.minecraft.double_plant":2,"stat.mineBlock.betternether.cincinnasite_ore":3,"stat.pickup.cyclicmagic.sprout_seed":1,"stat.drop.minecraft.sapling":7,"stat.mineBlock.quark.blaze_lantern":1,"stat.pickup.minecraft.apple":2,"stat.pickup.quark.soul_bead":3,"stat.craftItem.minecraft.planks":256,"stat.mineBlock.abyssalcraft.coraliumore":36,"stat.useItem.betternether.cincinnasite_fire_bowl":7,"stat.mineBlock.minecraft.log":172,"stat.pickup.quark.cooked_crab_leg":285,"stat.drop.minecraft.bone_block":1,"stat.pickup.minecraft.wool":44,"stat.pickup.abyssalcraft.dltlog":57,"stat.pickup.minecraft.bookshelf":3,"stat.pickup.cyclicmagic.emerald_pickaxe":1,"stat.mineBlock.minecraft.cobblestone":30,"stat.mineBlock.minecraft.yellow_flower":4,"stat.pickup.abyssalcraft.corflesh":3,"stat.mineBlock.betternether.cincinnasite_pillar":2,"stat.mineBlock.betternether.nether_cactus":1,"stat.pickup.minecraft.cooked_porkchop":31,"stat.mineBlock.cyclicmagic.nether_iron_ore":7,"stat.mineBlock.minecraft.dropper":1,"stat.useItem.minecraft.obsidian":18,"stat.useItem.waystones.waystone":1,"stat.useItem.minecraft.stone_slab2":920,"stat.useItem.quark.crab_leg":2,"stat.mineBlock.abyssalcraft.dltlog2":7,"stat.useItem.mysticalagriculture.soulstone":8,"stat.pickup.betternether.nether_reed":52,"stat.killEntity.Owlstack":9,"stat.mineBlock.minecraft.obsidian":9,"stat.pickup.quark.black_ash":10,"stat.mineBlock.minecraft.clay":85,"stat.pickup.minecraft.diamond_leggings":8,"stat.flyOneCm":2417381,"stat.pickup.minecraft.sandstone":2,"stat.timeSinceDeath":288812,"stat.pickup.quark.blaze_lantern":1,"stat.pickup.minecraft.nether_wart":49,"stat.killEntity.Netherhound":11,"stat.pickup.minecraft.spruce_fence":1,"stat.mineBlock.minecraft.coal_ore":353,"stat.drop.waystones.waystone":2,"stat.killEntity.Creeper":9,"stat.talkedToVillager":13,"stat.pickup.botania.manaresource":2,"stat.pickup.abyssalcraft.nitre":13,"stat.pickup.minecraft.string":14,"stat.pickup.tombstone.crafting_ingredient":7,"stat.sprintOneCm":441656,"stat.useItem.minecraft.diamond_shovel":133,"stat.mineBlock.minecraft.stone_slab":5,"stat.mineBlock.biomesoplenty.grass":2,"stat.pickup.minecraft.bone_block":108,"stat.pickup.betternether.lucis_spore":4,"stat.mineBlock.minecraft.diamond_ore":68,"stat.craftItem.evilcraft.blood_extractor":5,"stat.waystones:waystonesActivated":1,"stat.mineBlock.mysticalagriculture.prosperity_ore":40,"stat.useItem.minecraft.diamond_ore":63,"stat.killEntity.Zombie":6,"stat.mineBlock.minecraft.gold_ore":29,"stat.diveOneCm":20319,"stat.pickup.minecraft.wheat":1,"stat.pickup.storagedrawers.basicdrawers":1,"stat.pickup.minecraft.sign":1,"stat.mineBlock.mysticalagriculture.inferium_ore":90,"stat.pickup.minecraft.obsidian":9,"stat.mineBlock.betternether.cincinnasite_bricks_pillar":1,"stat.useItem.minecraft.rotten_flesh":5,"stat.pickup.betternether.black_bush":1,"stat.jump":2661,"stat.pickup.minecraft.coal":793,"stat.pickup.minecraft.iron_ingot":5,"stat.pickup.minecraft.gunpowder":18,"stat.pickup.minecraft.dirt":117,"stat.pickup.evilcraft.dark_gem_crushed":38,"stat.pickup.minecraft.gold_ore":29,"stat.useItem.minecraft.sapling":2,"stat.killEntity.quark:wraith":1,"stat.mineBlock.minecraft.glass_pane":1,"stat.damageTaken":13075,"stat.mineBlock.minecraft.torch":11,"stat.mineBlock.minecraft.sandstone_stairs":2,"stat.pickup.minecraft.log2":2,"stat.pickup.minecraft.bed":4,"stat.pickup.artifacts.thorn_pendant":1,"stat.pickup.harvestcraft.peppercornitem":1,"stat.pickup.minecraft.quartz_block":560,"stat.killEntity.Silverfish":40,"stat.pickup.cyclicmagic.charm_wing":1,"stat.mineBlock.betternether.nether_brick_tile_stairs":1,"stat.mineBlock.betternether.cincinnasite_fire_bowl":15,"stat.useItem.cyclicmagic.heart_food":10,"stat.drop.minecraft.netherrack":64,"stat.useItem.tombstone.gift":1,"stat.mineBlock.evilcraft.nether_monster_block":1,"stat.pickup.minecraft.cooked_beef":21,"stat.pickup.minecraft.ladder":2,"stat.useItem.minecraft.netherrack":90,"stat.mineBlock.compressed_ores.compressedironore":51,"stat.pickup.harvestcraft.queenbeeitem":1,"stat.mineBlock.waystones.waystone":2,"stat.mobKills":352,"stat.pickup.minecraft.diamond_boots":9,"stat.mineBlock.minecraft.bookshelf":3,"stat.pickup.props.props":2,"stat.pickup.minecraft.diamond":141,"stat.pickup.minecraft.beetroot_seeds":5,"stat.pickup.minecraft.iron_horse_armor":2,"stat.pickup.minecraft.torch":25,"stat.drop.minecraft.arrow":1,"tombstone:steal_effect":11,"stat.pickup.ancientbeasts.shield_book":1,"stat.pickup.abyssalcraft.coralium":178,"stat.killEntity.Blaze":16,"stat.killEntity.abyssalcraft.shadowmonster":1,"stat.pickup.evilcraft.condensed_blood":13,"stat.pickup.netheroresplus.netheredlapislazuli":3,"stat.mineBlock.betternether.nether_reed":25,"stat.useItem.minecraft.planks":68,"stat.pickup.minecraft.glowstone_dust":10,"stat.pickup.minecraft.porkchop":16,"stat.pickup.abyssalcraft.shadowgem":4,"stat.pickup.minecraft.sand":8,"stat.killEntity.abyssalcraft.abyssalzombie":2,"stat.pickup.betternether.egg_plant":11,"stat.pickup.minecraft.name_tag":2,"stat.killEntity.archer":8,"stat.killEntity.abyssalcraft.depthsghoul":3,"stat.pickup.cyclicmagic.emerald_chestplate":1,"stat.pickup.betternether.smoker":18,"stat.pickup.quark.rune":1,"stat.pickup.betternether.wart_seed":8,"stat.mineBlock.tconstruct.slime_grass_tall":3,"stat.mineBlock.mysticalagriculture.soulstone":27,"stat.trappedChestTriggered":43,"stat.pickup.betternether.cincinnasite_bricks_pillar":1,"stat.useItem.minecraft.cooked_mutton":61,"stat.pickup.minecraft.totem_of_undying":5,"stat.pickup.betternether.black_apple":5,"stat.pickup.minecraft.skull":17,"stat.pickup.tombstone.magic_scroll":2,"stat.pickup.minecraft.stone_stairs":1,"stat.pickup.betternether.cincinnasite_fire_bowl":15,"stat.playOneMinute":288812,"stat.pickup.minecraft.blaze_rod":37,"stat.drop.minecraft.string":1,"stat.pickup.eplus.advanced_table":1,"stat.drop.cyclicmagic.heart_food":4,"stat.pickup.minecraft.netherrack":744,"stat.killEntity.quark:crab":6,"stat.mineBlock.minecraft.dark_oak_fence":1,"stat.mineBlock.minecraft.netherrack":893,"stat.fallOneCm":422309,"stat.pickup.tombstone.christmas_hat":4,"stat.pickup.minecraft.melon_seeds":8,"stat.useItem.abyssalcraft.corbone":2,"stat.pickup.minecraft.dropper":1,"stat.pickup.minecraft.red_mushroom":2,"stat.useItem.cyclicmagic.inventory_food":1,"stat.dropperInspected":1,"stat.pickup.cyclicmagic.tool_prospector":1,"stat.useItem.quark.cooked_crab_leg":30,"stat.pickup.minecraft.feather":11,"stat.drop.minecraft.bone":2,"stat.pickup.betternether.ink_bush_seed":16,"stat.pickup.betternether.reeds_block":27,"stat.mineBlock.minecraft.spruce_fence":1,"stat.mineBlock.minecraft.gravel":21,"stat.pickup.waystones.waystone":1,"stat.pickup.betternether.cincinnasite":4,"stat.mineBlock.minecraft.quartz_stairs":74,"stat.useItem.minecraft.torch":172,"stat.pickup.minecraft.iron_nugget":311,"stat.mineBlock.quark.stone_speleothem":1,"stat.killEntity.LavaSlime":10,"stat.pickup.minecraft.log":539,"stat.mineBlock.eplus.advanced_table":1,"stat.mineBlock.xo.xp_ore":83,"stat.drop.minecraft.sign":1,"stat.mineBlock.galacticraftcore.basic_block_core":215,"stat.pickup.usefulbackpacks.backpack":2,"stat.useItem.abyssalcraft.dltleaves":2,"stat.pickup.minecraft.sapling":42,"stat.pickup.minecraft.wooden_door":2,"stat.mineBlock.quark.basalt":1,"stat.killEntity.Bonepile":2,"stat.pickup.quark.root":1,"stat.killEntity.WitherSkeleton":8,"stat.mineBlock.abyssalcraft.dltleaves":7,"stat.sneakTime":24837,"stat.mineBlock.minecraft.cobblestone_wall":28,"stat.pickup.minecraft.stone_slab":6,"stat.pickup.minecraft.yellow_flower":3,"stat.pickup.abyssalcraft.corbone":6,"stat.pickup.minecraft.chest":2,"stat.pickup.minecraft.bone":79,"stat.mineBlock.quark.variant_leaves":6,"stat.pickup.evilcraft.blood_extractor":1,"stat.pickup.biomesoplenty.flesh":1,"stat.useItem.minecraft.diamond_sword":608,"stat.drop.minecraft.iron_nugget":64,"stat.swimOneCm":27419,"stat.pickup.quark.glass_shards":8,"stat.climbOneCm":9288,"stat.mineBlock.evilcraft.dark_ore":17,"stat.mineBlock.quark.roots":6,"stat.killEntity.Zealot":2,"stat.mineBlock.betternether.nether_grass":1,"stat.pickup.cyclicmagic.emerald_sword":1,"stat.killEntity.artifacts.mimic":1,"stat.pickup.minecraft.cobblestone":3791,"stat.pickup.minecraft.quartz_stairs":87,"stat.pickup.minecraft.clay":85,"stat.pickup.minecraft.glass_bottle":522,"stat.pickup.minecraft.soul_sand":1,"stat.drop.minecraft.wheat_seeds":5,"stat.useItem.minecraft.cooked_beef":11,"stat.pickup.minecraft.redstone":82,"stat.mineBlock.minecraft.iron_ore":167,"stat.mineBlock.abyssalcraft.shoggothblock":1,"stat.pickup.minecraft.mutton":31,"stat.pickup.betternether.nether_brick_tile_stairs":1,"stat.pickup.structurize.sceptersteel":1,"stat.pickup.ancientbeasts.kunai":1,"stat.pickup.abyssalcraft.shadowshard":3,"stat.pickup.galacticraftcore.basic_block_core":180,"stat.useItem.minecraft.cooked_porkchop":29,"stat.mineBlock.minecraft.nether_brick":8,"stat.pickup.openblocks.trophy":2,"stat.mineBlock.compressed_ores.compressedcoalore":25,"stat.drop.minecraft.compass":1,"stat.pickup.minecraft.sandstone_stairs":2,"stat.mineBlock.cyclicmagic.nether_gold_ore":5,"stat.useItem.cyclicmagic.crafting_food":1,"stat.pickup.quark.crab_shell":3,"stat.pickup.cyclicmagic.tool_warp_home":2,"stat.useItem.minecraft.bed":2,"stat.pickup.minecraft.grass":7,"stat.useItem.minecraft.diamond_pickaxe":1926,"stat.mineBlock.minecraft.quartz_block":544,"stat.useItem.minecraft.carrot":1,"stat.mineBlock.betternether.reeds_block":27,"stat.pickup.minecraft.diamond_chestplate":18,"stat.pickup.botania.flower":38,"stat.mineBlock.minecraft.planks":1,"stat.drop":27,"stat.killEntity.abyssalcraft.shadowbeast":1,"stat.killEntity.Sheep":20,"stat.pickup.minecraft.slime_ball":10,"stat.pickup.abyssalcraft.shoggothflesh":28,"stat.mineBlock.botania.doubleflower2":2,"stat.pickup.minecraft.gravel":21,"stat.killEntity.EvocationIllager":5,"stat.useItem.minecraft.diamond_axe":415,"stat.mineBlock.abyssalcraft.nitreore":3,"stat.mineBlock.minecraft.deadbush":1,"stat.drop.minecraft.cooked_porkchop":1,"stat.pickup.minecraft.spider_eye":4,"stat.mineBlock.betternether.block_eyeball":1,"stat.pickup.minecraft.experience_bottle":1,"stat.pickup.minecraft.iron_ore":218,"stat.killEntity.Damcell":1,"stat.pickup.minecraft.leaves":75,"stat.killEntity.abyssalcraft.lessershoggoth":12,"stat.mineBlock.minecraft.stone_stairs":1,"stat.pickup.minecraft.leather":16,"stat.pickup.minecraft.dark_oak_fence":3,"stat.pickup.evilcraft.dark_gem":41,"stat.pickup.betternether.nether_cactus":5,"stat.pickup.mysticalagriculture.crafting":650,"stat.pickup.minecraft.reeds":93,"stat.killEntity.CaveSpider":3,"tombstone:undead_killed":52,"stat.pickup.tconstruct.materials":3,"stat.damageDealt":41691,"stat.pickup.baubles.ring":1,"stat.sleepInBed":2,"stat.killEntity.Cow":5,"stat.mineBlock.quark.roots_blue_flower":3,"stat.mineBlock.mysticalagriculture.nether_prosperity_ore":3,"stat.killEntity.Pig":7,"stat.walkOneCm":440741,"stat.pickup.minecraft.stick":32,"stat.pickup.abyssalcraft.dltleaves":4,"stat.pickup.quark.root_flower":8,"stat.pickup.galacticraftcore.basic_item":87,"stat.pickup.betternether.cincinnasite_stairs":1,"stat.pickup.biomesoplenty.fleshchunk":48,"stat.useItem.structurize.shapetool":1,"stat.pickup.eplus.decorative_book":1,"stat.pickup.minecraft.gold_ingot":1,"stat.pickup.betternether.netherrack_moss":1,"stat.killEntity.Skeleton":2,"stat.killEntity.Spider":4,"stat.mineBlock.minecraft.quartz_ore":31,"stat.mineBlock.biomesoplenty.flesh":11,"stat.killEntity.Boulderer":4,"stat.pickup.minecraft.quartz":62,"stat.pickup.ancientbeasts.charred_fur":37,"stat.pickup.mysticalagriculture.soulstone":29,"stat.mineBlock.minecraft.leaves":82,"stat.mineBlock.betternether.egg_plant":2,"stat.mineBlock.minecraft.redstone_ore":36,"stat.mineBlock.minecraft.bone_block":107,"stat.mineBlock.minecraft.stone":4179,"stat.useItem.minecraft.sandstone":1}