{"stat.pickup.tconstruct.book":2,"stat.chestOpened":1,"stat.pickup.harvestcraft.kaleitem":4,"stat.walkOneCm":77115,"stat.pickup.minecraft.bone":2,"stat.useItem.harvestcraft.spiceleafitem":1,"stat.leaveGame":2,"stat.pickup.minecraft.arrow":1,"stat.pickup.minecraft.crafting_table":1,"stat.pickup.harvestcraft.waterchestnutitem":1,"stat.craftItem.minecraft.crafting_table":2,"stat.mineBlock.minecraft.yellow_flower":1,"stat.useItem.harvestcraft.blueberryitem":1,"stat.useItem.harvestcraft.milletitem":2,"stat.pickup.guideapi.cyclicmagic-guide":2,"stat.mineBlock.minecraft.double_plant":1,"stat.useItem.tombstone.lollipop":1,"stat.mineBlock.minecraft.brown_mushroom":1,"stat.entityKilledBy.WitherSkeleton":1,"stat.pickup.minecraft.log":9,"stat.useItem.minecraft.melon":20,"stat.swimOneCm":13669,"stat.jump":719,"stat.fallOneCm":19024,"stat.useItem.tombstone.gift":1,"stat.pickup.openblocks.info_book":2,"stat.entityKilledBy.Skeleton":1,"stat.pickup.harvestcraft.spiceleafitem":1,"stat.useItem.harvestcraft.kaleitem":3,"stat.pickup.harvestcraft.mulberryitem":3,"stat.pickup.harvestcraft.milletitem":3,"stat.crouchOneCm":5289,"stat.pickup.harvestcraft.okraitem":1,"stat.pickup.minecraft.sapling":6,"stat.pickup.minecraft.dirt":15,"stat.useItem.minecraft.dirt":5,"stat.sprintOneCm":97244,"stat.useItem.minecraft.stone_slab2":6,"stat.craftItem.minecraft.stick":8,"stat.craftingTableInteraction":4,"tombstone:eaten_lollipop":1,"stat.pickup.minecraft.sand":1,"stat.pickup.tombstone.lollipop":1,"stat.craftItem.minecraft.planks":28,"stat.pickup.guideapi.vampirism-guide":2,"stat.damageTaken":1210,"stat.mineBlock.minecraft.crafting_table":1,"stat.pickup.minecraft.name_tag":1,"stat.pickup.harvestcraft.blueberryitem":1,"stat.useItem.harvestcraft.waterchestnutitem":1,"stat.mobKills":1,"stat.craftItem.minecraft.wooden_sword":1,"stat.mineBlock.minecraft.log":9,"stat.pickup.harvestcraft.jicamaitem":1,"stat.pickup.mysticalagriculture.crafting":1,"stat.pickup.minecraft.planks":8,"stat.pickup.minecraft.reeds":47,"stat.flyOneCm":142337,"stat.deaths":3,"tombstone:undead_killed":1,"stat.pickup.minecraft.wheat_seeds":4,"stat.pickup.conarm.book":2,"stat.pickup.minecraft.brown_mushroom":1,"stat.mineBlock.minecraft.sand":1,"stat.playOneMinute":46591,"stat.useItem.minecraft.wooden_sword":9,"stat.useItem.harvestcraft.okraitem":1,"stat.sneakTime":1454,"stat.useItem.harvestcraft.jicamaitem":1,"stat.damageDealt":463,"stat.timeSinceDeath":18140,"stat.mineBlock.harvestcraft.soggygarden":3,"stat.pickup.minecraft.yellow_flower":1,"stat.mineBlock.minecraft.dirt":4,"stat.mineBlock.minecraft.tallgrass":14,"stat.useItem.harvestcraft.mulberryitem":2,"stat.diveOneCm":27334}