{"stat.chestOpened":10,"stat.pickup.minecraft.bone":4,"stat.killEntity.quark:crab":2,"stat.craftItem.minecraft.jungle_boat":1,"stat.pickup.vampirism.altar_inspiration":1,"stat.drop.minecraft.wooden_pickaxe":1,"stat.leaveGame":2,"stat.pickup.minecraft.arrow":1,"stat.mineBlock.vampirism.altar_inspiration":1,"stat.useItem.minecraft.rotten_flesh":1,"stat.mineBlock.minecraft.stained_glass":5,"stat.jump":544,"stat.swimOneCm":3613,"stat.pickup.quark.glass_shards":14,"stat.pickup.minecraft.coal":26,"stat.climbOneCm":1299,"stat.fallOneCm":14045,"stat.useItem.minecraft.planks":2,"stat.mineBlock.evilcraft.dark_ore":4,"stat.crouchOneCm":10589,"stat.pickup.minecraft.dirt":8,"stat.useItem.minecraft.dirt":5,"stat.pickup.evilcraft.dark_gem_crushed":2,"stat.useItem.quark.root_flower":1,"stat.pickup.vampirism.blood_container":1,"stat.useItem.minecraft.stone_slab2":14,"stat.pickup.vampirism.vampire_fang":1,"stat.useItem.quark.crab_leg":2,"stat.craftingTableInteraction":3,"stat.pickup.minecraft.iron_ore":12,"stat.pickup.minecraft.rotten_flesh":7,"stat.useItem.minecraft.jungle_boat":2,"stat.dropperInspected":1,"stat.useItem.cyclicmagic.inventory_food":1,"stat.boatOneCm":30878,"stat.mineBlock.minecraft.iron_bars":1,"stat.useItem.minecraft.sapling":1,"stat.mineBlock.minecraft.glass_pane":3,"stat.damageTaken":815,"stat.pickup.minecraft.leather":7,"stat.craftItem.minecraft.stone_pickaxe":1,"stat.mineBlock.minecraft.torch":13,"stat.mineBlock.minecraft.furnace":3,"stat.useItem.minecraft.wooden_pickaxe":32,"stat.pickup.evilcraft.dark_gem":4,"stat.pickup.minecraft.cobblestone":102,"stat.pickup.minecraft.log2":2,"stat.pickup.minecraft.dye":9,"stat.pickup.mysticalagriculture.crafting":9,"stat.pickup.minecraft.planks":1,"stat.pickup.minecraft.reeds":14,"stat.flyOneCm":73522,"stat.pickup.minecraft.bed":1,"tombstone:undead_killed":9,"stat.pickup.conarm.book":1,"stat.pickup.minecraft.wheat_seeds":1,"tombstone:villager_killed":2,"stat.useItem.minecraft.stone_pickaxe":78,"stat.drop.mysticalagriculture.crafting":1,"stat.pickup.waystones.waystone":1,"stat.killEntity.Villager":2,"stat.damageDealt":2939,"stat.mineBlock.vampirism.castle_block":4,"stat.mineBlock.minecraft.iron_ore":12,"stat.timeSinceDeath":8777,"stat.useItem.minecraft.crafting_table":3,"stat.mineBlock.minecraft.dirt":5,"stat.craftItem.minecraft.wooden_pickaxe":1,"stat.entityKilledBy.vampirism.vampire":1,"stat.killEntity.abyssalcraft.demonsheep":1,"stat.pickup.minecraft.mutton":2,"stat.walkOneCm":59963,"stat.useItem.minecraft.torch":8,"stat.pickup.minecraft.crafting_table":2,"stat.useItem.minecraft.cobblestone":14,"stat.craftItem.minecraft.crafting_table":4,"stat.furnaceInteraction":11,"stat.pickup.galacticraftcore.basic_block_core":2,"stat.mineBlock.botania.flower":1,"stat.pickup.minecraft.carpet":1,"stat.killEntity.vampirism.vampire_hunter":1,"stat.mineBlock.minecraft.coal_ore":27,"stat.talkedToVillager":1,"stat.pickup.minecraft.log":24,"stat.mineBlock.galacticraftcore.basic_block_core":2,"stat.pickup.quark.crab_leg":2,"stat.pickup.minecraft.beef":10,"stat.pickup.quark.root_flower":1,"stat.useItem.minecraft.cooked_mutton":1,"stat.useItem.tombstone.gift":1,"stat.pickup.minecraft.tnt":1,"stat.pickup.minecraft.furnace":3,"stat.pickup.cyclicmagic.ender_pearl_reuse":1,"stat.craftItem.minecraft.stone_slab2":0,"stat.pickup.minecraft.sapling":2,"stat.sprintOneCm":41733,"stat.craftItem.minecraft.stick":8,"stat.craftItem.minecraft.wooden_axe":1,"stat.pickup.quark.crab_shell":2,"stat.pickup.minecraft.acacia_door":3,"stat.useItem.cyclicmagic.crafting_food":1,"stat.killEntity.Skeleton":1,"stat.pickup.vampirism.castle_block":4,"stat.mineBlock.minecraft.stonebrick":1,"stat.craftItem.minecraft.planks":64,"stat.mineBlock.minecraft.crafting_table":2,"stat.killEntity.Husk":1,"stat.killEntity.WitherSkeleton":1,"stat.mineBlock.waystones.waystone":1,"stat.mobKills":18,"stat.pickup.minecraft.book":6,"stat.mineBlock.minecraft.log":16,"stat.mineBlock.minecraft.bookshelf":2,"stat.pickup.botania.flower":1,"stat.useItem.minecraft.beef":1,"stat.mineBlock.minecraft.planks":2,"stat.deaths":2,"stat.drop":2,"stat.mineBlock.minecraft.leaves":9,"stat.playOneMinute":38987,"stat.pickup.minecraft.torch":14,"stat.killEntity.Sheep":2,"stat.mineBlock.mysticalagriculture.prosperity_ore":1,"stat.sneakTime":5759,"stat.pickup.minecraft.wool":3,"stat.pickup.evilcraft.werewolf_flesh":1,"stat.killEntity.Zombie":6,"stat.pickup.minecraft.iron_bars":2,"stat.useItem.minecraft.wooden_axe":48,"stat.pickup.minecraft.yellow_flower":1,"stat.pickup.minecraft.jungle_boat":1,"stat.mineBlock.minecraft.stone":98,"stat.mineBlock.minecraft.tallgrass":11,"stat.craftItem.minecraft.cooked_mutton":1,"stat.diveOneCm":4994,"stat.useItem.cyclicmagic.emerald_pickaxe":88}