{"stat.walkOneCm":13106,"stat.useItem.minecraft.torch":2,"stat.killEntity.quark:crab":3,"stat.pickup.evilcraft.blood_extractor":1,"stat.useItem.minecraft.diamond_axe":106,"stat.pickup.harvestcraft.cherryitem":1,"stat.pickup.galacticraftcore.basic_block_core":10,"stat.useItem.minecraft.cooked_porkchop":4,"stat.useItem.minecraft.diamond_sword":19,"stat.pickup.minecraft.log":93,"stat.swimOneCm":1236,"stat.jump":61,"stat.mineBlock.galacticraftcore.basic_block_core":16,"stat.fallOneCm":7434,"stat.pickup.minecraft.cooked_porkchop":13,"stat.pickup.usefulbackpacks.backpack":1,"stat.pickup.minecraft.porkchop":4,"stat.crouchOneCm":1912,"stat.useItem.structurize.shapetool":1,"stat.pickup.minecraft.sapling":7,"stat.pickup.minecraft.dirt":4,"stat.sprintOneCm":7769,"stat.useItem.minecraft.diamond_shovel":6,"stat.useItem.minecraft.stone_slab2":10,"stat.pickup.minecraft.cooked_beef":8,"stat.pickup.minecraft.skull":1,"stat.craftingTableInteraction":2,"stat.pickup.eplus.decorative_book":1,"stat.pickup.minecraft.iron_ore":8,"stat.useItem.cyclicmagic.crafting_food":1,"stat.pickup.quark.crab_shell":2,"stat.useItem.cyclicmagic.inventory_food":1,"stat.pickup.minecraft.leaves":22,"stat.craftItem.evilcraft.blood_extractor":5,"stat.pickup.minecraft.grass":2,"stat.damageTaken":369,"stat.pickup.minecraft.leather":5,"stat.useItem.minecraft.diamond_pickaxe":15,"stat.mobKills":13,"stat.pickup.minecraft.cobblestone":236,"stat.mineBlock.minecraft.log":77,"stat.flyOneCm":22963,"stat.pickup.props.props":1,"stat.mineBlock.minecraft.leaves":26,"stat.pickup.minecraft.egg":1,"stat.pickup.quark.cooked_crab_leg":10,"stat.playOneMinute":27638,"stat.sneakTime":934,"stat.pickup.minecraft.wool":1,"stat.pickup.quark.tallow":22,"stat.damageDealt":1224,"stat.pickup.baubles.ring":1,"stat.mineBlock.minecraft.iron_ore":8,"stat.timeSinceDeath":27638,"stat.killEntity.Cow":2,"stat.mineBlock.minecraft.dirt":6,"stat.killEntity.Pig":4,"stat.mineBlock.minecraft.stone":473,"stat.mineBlock.minecraft.tallgrass":1,"stat.diveOneCm":1827,"stat.pickup.structurize.sceptersteel":1}