{"stat.pickup.abyssalcraft.coralium":178,"stat.pickup.minecraft.bone":6,"stat.pickup.draconicevolution.draconium_dust":72,"stat.leaveGame":1,"stat.pickup.evilcraft.blood_extractor":1,"stat.mineBlock.minecraft.cobblestone":4,"stat.useItem.minecraft.diamond_sword":78,"stat.swimOneCm":18056,"stat.pickup.minecraft.cooked_porkchop":13,"stat.mineBlock.evilcraft.dark_ore":13,"stat.pickup.minecraft.porkchop":4,"stat.mineBlock.quark.roots":3,"stat.useItem.minecraft.stone_slab2":14,"stat.pickup.minecraft.rotten_flesh":20,"stat.killEntity.artifacts.mimic":1,"stat.killEntity.abyssalcraft.abyssalzombie":1,"stat.pickup.minecraft.cobblestone":3567,"stat.pickup.quark.black_ash":2,"stat.mineBlock.minecraft.clay":85,"stat.useItem.minecraft.anvil":1,"stat.flyOneCm":83943,"stat.pickup.minecraft.clay":85,"stat.killEntity.Witch":1,"stat.useItem.minecraft.cooked_beef":8,"stat.pickup.quark.tallow":22,"stat.pickup.minecraft.redstone":81,"stat.mineBlock.minecraft.iron_ore":165,"stat.timeSinceDeath":72657,"stat.pickup.structurize.sceptersteel":1,"stat.pickup.harvestcraft.cherryitem":1,"stat.pickup.galacticraftcore.basic_block_core":172,"stat.useItem.minecraft.cooked_porkchop":13,"stat.mineBlock.minecraft.coal_ore":254,"stat.mineBlock.compressed_ores.compressedcoalore":25,"stat.pickup.abyssalcraft.nitre":13,"stat.sprintOneCm":28158,"stat.useItem.minecraft.diamond_shovel":120,"stat.pickup.minecraft.skull":5,"stat.useItem.cyclicmagic.crafting_food":1,"stat.pickup.quark.crab_shell":2,"stat.pickup.minecraft.potion":5,"stat.mineBlock.minecraft.diamond_ore":68,"stat.craftItem.evilcraft.blood_extractor":5,"stat.pickup.minecraft.grass":2,"stat.useItem.minecraft.diamond_pickaxe":673,"stat.pickup.minecraft.egg":1,"stat.playOneMinute":72657,"stat.mineBlock.mysticalagriculture.prosperity_ore":30,"stat.useItem.minecraft.diamond_ore":63,"stat.killEntity.Zombie":4,"stat.mineBlock.minecraft.gold_ore":29,"stat.mineBlock.minecraft.tallgrass":1,"stat.diveOneCm":7915,"stat.chestOpened":1,"stat.killEntity.quark:crab":3,"stat.pickup.botania.mushroom":3,"stat.pickup.minecraft.gravel":21,"stat.useItem.minecraft.diamond_axe":106,"stat.mineBlock.abyssalcraft.nitreore":3,"stat.mineBlock.mysticalagriculture.inferium_ore":90,"stat.mineBlock.botania.mushroom":1,"stat.useItem.minecraft.rotten_flesh":4,"stat.jump":436,"stat.pickup.minecraft.coal":580,"stat.fallOneCm":32803,"stat.mineBlock.quark.monster_box":1,"stat.pickup.minecraft.iron_ingot":5,"stat.pickup.minecraft.gunpowder":4,"stat.crouchOneCm":32259,"stat.pickup.minecraft.dirt":12,"stat.pickup.evilcraft.dark_gem_crushed":31,"stat.useItem.quark.root_flower":1,"stat.pickup.minecraft.experience_bottle":1,"stat.craftingTableInteraction":2,"stat.pickup.minecraft.iron_ore":216,"stat.useItem.cyclicmagic.inventory_food":1,"stat.killEntity.Damcell":1,"stat.pickup.minecraft.gold_ore":29,"stat.pickup.minecraft.leaves":22,"stat.damageTaken":1580,"stat.pickup.minecraft.leather":5,"stat.mineBlock.minecraft.torch":5,"stat.pickup.evilcraft.dark_gem":31,"stat.pickup.mysticalagriculture.crafting":531,"stat.pickup.artifacts.thorn_pendant":1,"tombstone:undead_killed":10,"stat.mineBlock.minecraft.gravel":21,"stat.damageDealt":5754,"stat.pickup.baubles.ring":1,"stat.killEntity.Cow":2,"stat.mineBlock.quark.roots_blue_flower":3,"stat.mineBlock.minecraft.dirt":14,"stat.killEntity.Pig":4,"stat.walkOneCm":82787,"stat.useItem.minecraft.torch":63,"stat.pickup.minecraft.stick":1,"stat.pickup.minecraft.iron_nugget":3,"stat.useItem.minecraft.cobblestone":26,"stat.mineBlock.draconicevolution.draconium_ore":12,"stat.mineBlock.quark.stone_speleothem":1,"stat.pickup.minecraft.log":93,"stat.mineBlock.xo.xp_ore":83,"stat.mineBlock.galacticraftcore.basic_block_core":207,"stat.pickup.quark.root_flower":5,"stat.pickup.galacticraftcore.basic_item":87,"stat.pickup.usefulbackpacks.backpack":1,"stat.useItem.structurize.shapetool":1,"stat.pickup.minecraft.sapling":7,"stat.pickup.minecraft.cooked_beef":8,"stat.pickup.eplus.decorative_book":1,"stat.killEntity.Skeleton":1,"stat.mineBlock.compressed_ores.compressedironore":51,"stat.pickup.quark.root":1,"stat.mineBlock.abyssalcraft.coraliumore":36,"stat.mobKills":31,"stat.killEntity.Boulderer":4,"stat.mineBlock.minecraft.log":77,"stat.pickup.props.props":1,"stat.pickup.minecraft.diamond":141,"stat.mineBlock.minecraft.leaves":26,"stat.pickup.quark.cooked_crab_leg":10,"stat.pickup.minecraft.torch":7,"stat.mineBlock.minecraft.redstone_ore":36,"stat.sneakTime":10019,"stat.pickup.minecraft.wool":2,"tombstone:steal_effect":1,"stat.mineBlock.minecraft.stone":3954}