{"stat.chestOpened":3,"stat.pickup.minecraft.bone":1,"stat.killEntity.quark:crab":2,"stat.craftItem.minecraft.jungle_boat":1,"stat.leaveGame":2,"stat.mineBlock.minecraft.stained_glass":5,"stat.jump":299,"stat.swimOneCm":3226,"stat.pickup.quark.glass_shards":14,"stat.pickup.minecraft.coal":12,"stat.climbOneCm":1017,"stat.fallOneCm":6310,"stat.useItem.minecraft.planks":2,"stat.crouchOneCm":6613,"stat.pickup.minecraft.dirt":6,"stat.useItem.minecraft.dirt":4,"stat.useItem.minecraft.stone_slab2":8,"stat.pickup.vampirism.vampire_fang":1,"stat.useItem.quark.crab_leg":2,"stat.craftingTableInteraction":3,"stat.pickup.minecraft.rotten_flesh":3,"stat.useItem.minecraft.jungle_boat":2,"stat.dropperInspected":1,"stat.boatOneCm":30878,"stat.mineBlock.minecraft.iron_bars":1,"stat.mineBlock.minecraft.glass_pane":3,"stat.damageTaken":435,"stat.craftItem.minecraft.stone_pickaxe":1,"stat.mineBlock.minecraft.torch":8,"stat.mineBlock.minecraft.furnace":3,"stat.useItem.minecraft.wooden_pickaxe":32,"stat.pickup.minecraft.cobblestone":93,"stat.pickup.minecraft.log2":1,"stat.pickup.minecraft.dye":9,"stat.pickup.mysticalagriculture.crafting":4,"stat.pickup.minecraft.planks":1,"stat.pickup.minecraft.reeds":11,"stat.flyOneCm":40289,"tombstone:undead_killed":3,"stat.pickup.conarm.book":1,"stat.pickup.minecraft.wheat_seeds":1,"stat.useItem.minecraft.stone_pickaxe":78,"stat.damageDealt":1027,"stat.timeSinceDeath":3199,"stat.useItem.minecraft.crafting_table":3,"stat.mineBlock.minecraft.dirt":4,"stat.craftItem.minecraft.wooden_pickaxe":1,"stat.entityKilledBy.vampirism.vampire":1,"stat.pickup.minecraft.mutton":1,"stat.walkOneCm":34852,"stat.useItem.minecraft.torch":3,"stat.pickup.minecraft.crafting_table":2,"stat.useItem.minecraft.cobblestone":8,"stat.craftItem.minecraft.crafting_table":4,"stat.furnaceInteraction":11,"stat.pickup.galacticraftcore.basic_block_core":2,"stat.mineBlock.minecraft.coal_ore":12,"stat.talkedToVillager":1,"stat.pickup.minecraft.log":24,"stat.mineBlock.galacticraftcore.basic_block_core":2,"stat.pickup.quark.crab_leg":2,"stat.useItem.minecraft.cooked_mutton":1,"stat.useItem.tombstone.gift":1,"stat.pickup.minecraft.tnt":1,"stat.pickup.minecraft.furnace":3,"stat.craftItem.minecraft.stone_slab2":0,"stat.pickup.minecraft.sapling":2,"stat.sprintOneCm":23693,"stat.craftItem.minecraft.stick":8,"stat.craftItem.minecraft.wooden_axe":1,"stat.pickup.quark.crab_shell":2,"stat.pickup.minecraft.acacia_door":2,"stat.mineBlock.minecraft.stonebrick":1,"stat.craftItem.minecraft.planks":64,"stat.mineBlock.minecraft.crafting_table":2,"stat.killEntity.Husk":1,"stat.killEntity.WitherSkeleton":1,"stat.mobKills":7,"stat.mineBlock.minecraft.log":16,"stat.mineBlock.minecraft.planks":2,"stat.deaths":1,"stat.mineBlock.minecraft.leaves":9,"stat.playOneMinute":27287,"stat.pickup.minecraft.torch":9,"stat.killEntity.Sheep":1,"stat.mineBlock.mysticalagriculture.prosperity_ore":1,"stat.sneakTime":4416,"stat.pickup.minecraft.wool":1,"stat.killEntity.Zombie":1,"stat.pickup.minecraft.iron_bars":1,"stat.useItem.minecraft.wooden_axe":48,"stat.pickup.minecraft.jungle_boat":1,"stat.mineBlock.minecraft.stone":93,"stat.mineBlock.minecraft.tallgrass":9,"stat.craftItem.minecraft.cooked_mutton":1,"stat.diveOneCm":3568,"stat.useItem.cyclicmagic.emerald_pickaxe":7}