{"stat.pickup.tconstruct.book":6,"stat.chestOpened":9,"stat.pickup.harvestcraft.kaleitem":4,"stat.pickup.minecraft.bone":6,"stat.pickup.harvestcraft.tomatoitem":1,"stat.killEntity.quark:crab":1,"stat.useItem.harvestcraft.rhubarbitem":2,"stat.useItem.harvestcraft.garlicitem":1,"stat.leaveGame":2,"stat.pickup.minecraft.arrow":3,"stat.pickup.harvestcraft.waterchestnutitem":1,"stat.mineBlock.minecraft.yellow_flower":1,"stat.useItem.harvestcraft.milletitem":2,"stat.useItem.minecraft.apple":2,"stat.mineBlock.minecraft.brown_mushroom":1,"stat.pickup.inventorypets.nugget_ender":14,"stat.killEntity.vampirism.vampire":1,"stat.useItem.minecraft.rotten_flesh":1,"stat.pickup.harvestcraft.blackberryitem":2,"stat.swimOneCm":17662,"stat.jump":1411,"stat.fallOneCm":40402,"stat.mineBlock.minecraft.web":1,"stat.useItem.harvestcraft.kaleitem":3,"stat.pickup.harvestcraft.milletitem":3,"stat.crouchOneCm":13050,"stat.mineBlock.harvestcraft.shadedgarden":7,"stat.pickup.harvestcraft.okraitem":1,"stat.pickup.minecraft.dirt":58,"stat.useItem.minecraft.dirt":12,"stat.useItem.harvestcraft.tomatoitem":1,"stat.useItem.minecraft.stone_slab2":17,"stat.useItem.quark.crab_leg":1,"stat.craftingTableInteraction":9,"stat.pickup.minecraft.iron_ore":1,"stat.pickup.minecraft.rotten_flesh":1,"stat.pickup.minecraft.sand":1,"stat.craftItem.minecraft.furnace":1,"stat.useItem.minecraft.sapling":1,"stat.entityKilledBy.Spider":1,"stat.pickup.minecraft.leaves":84,"stat.pickup.minecraft.wooden_pickaxe":2,"stat.damageTaken":2480,"stat.pickup.minecraft.leather":19,"stat.pickup.minecraft.name_tag":4,"stat.craftItem.minecraft.stone_pickaxe":1,"stat.useItem.botania.flower":1,"stat.useItem.minecraft.wooden_pickaxe":23,"stat.craftItem.minecraft.cooked_beef":9,"stat.pickup.harvestcraft.pawpawitem":2,"stat.useItem.harvestcraft.radishitem":3,"stat.pickup.harvestcraft.blueberryitem":1,"stat.pickup.minecraft.cobblestone":26,"stat.craftItem.minecraft.wooden_sword":1,"stat.pickup.mysticalagriculture.crafting":10,"stat.pickup.harvestcraft.jicamaitem":1,"stat.pickup.minecraft.planks":30,"stat.pickup.minecraft.reeds":149,"stat.pickup.inventorypets.nugget_diamond":20,"stat.craftItem.minecraft.stone_sword":1,"stat.flyOneCm":250627,"stat.pickup.harvestcraft.radishitem":5,"tombstone:undead_killed":3,"stat.useItem.tombstone.grave_key":1,"stat.pickup.minecraft.brown_mushroom":3,"stat.pickup.conarm.book":6,"stat.pickup.minecraft.wheat_seeds":4,"stat.mineBlock.minecraft.sand":1,"stat.useItem.minecraft.stone_pickaxe":1,"stat.useItem.minecraft.cooked_beef":6,"stat.pickup.harvestcraft.scallionitem":4,"stat.useItem.harvestcraft.jicamaitem":1,"stat.damageDealt":2473,"stat.pickup.inventorypets.dubstep_pet":3,"stat.pickup.harvestcraft.leekitem":1,"stat.mineBlock.minecraft.iron_ore":1,"stat.timeSinceDeath":14226,"stat.drop.harvestcraft.radishitem":2,"stat.useItem.harvestcraft.cherryitem":2,"stat.killEntity.Cow":5,"stat.mineBlock.minecraft.dirt":9,"stat.craftItem.minecraft.wooden_pickaxe":1,"stat.pickup.minecraft.mutton":6,"stat.pickup.harvestcraft.rhubarbitem":2,"stat.walkOneCm":136318,"stat.pickup.harvestcraft.whitemushroomitem":3,"stat.pickup.harvestcraft.beanitem":1,"stat.pickup.minecraft.stick":8,"stat.pickup.minecraft.iron_nugget":8,"stat.useItem.harvestcraft.spiceleafitem":3,"stat.pickup.minecraft.crafting_table":3,"stat.craftItem.minecraft.crafting_table":3,"stat.furnaceInteraction":9,"stat.useItem.harvestcraft.blueberryitem":1,"stat.useItem.inventorypets.mooshroom_pet":10,"stat.pickup.harvestcraft.cherryitem":2,"stat.useItem.harvestcraft.pawpawitem":2,"stat.pickup.guideapi.cyclicmagic-guide":6,"stat.mineBlock.minecraft.double_plant":1,"stat.mineBlock.botania.flower":2,"stat.useItem.tombstone.lollipop":1,"stat.useItem.harvestcraft.leekitem":1,"stat.pickup.minecraft.wooden_sword":2,"stat.entityKilledBy.WitherSkeleton":1,"stat.pickup.inventorypets.mooshroom_pet":2,"stat.pickup.minecraft.log":33,"stat.pickup.minecraft.string":5,"stat.pickup.harvestcraft.turnipitem":1,"stat.useItem.minecraft.melon":62,"stat.pickup.minecraft.beef":33,"stat.pickup.quark.crab_leg":1,"stat.useItem.tombstone.gift":1,"stat.pickup.openblocks.info_book":6,"stat.useItem.minecraft.cooked_mutton":6,"stat.pickup.harvestcraft.spiceleafitem":3,"stat.entityKilledBy.Skeleton":2,"stat.craftItem.minecraft.stone_slab2":0,"stat.pickup.harvestcraft.mulberryitem":3,"stat.pickup.harvestcraft.zucchiniitem":2,"stat.pickup.minecraft.sapling":31,"stat.sprintOneCm":130234,"stat.pickup.minecraft.apple":2,"stat.craftItem.minecraft.stick":8,"tombstone:eaten_lollipop":1,"stat.useItem.harvestcraft.blackberryitem":2,"stat.pickup.tombstone.lollipop":1,"stat.useItem.carryon.tile_item":1,"stat.craftItem.minecraft.planks":100,"stat.pickup.guideapi.vampirism-guide":6,"stat.drop.inventorypets.dubstep_pet":1,"stat.mineBlock.minecraft.crafting_table":3,"stat.killEntity.Spider":1,"stat.useItem.harvestcraft.turnipitem":1,"stat.useItem.harvestcraft.waterchestnutitem":1,"stat.mobKills":15,"stat.pickup.minecraft.emerald":2,"stat.mineBlock.minecraft.log":15,"stat.pickup.botania.flower":3,"stat.entityKilledBy.Creeper":1,"stat.useItem.minecraft.beef":7,"stat.useItem.harvestcraft.beanitem":1,"stat.deaths":6,"stat.drop":3,"stat.pickup.minecraft.diamond":2,"stat.playOneMinute":70891,"stat.useItem.minecraft.wooden_sword":58,"stat.useItem.harvestcraft.okraitem":1,"stat.pickup.inventorypets.nugget_obsidian":8,"stat.killEntity.Sheep":4,"stat.useItem.harvestcraft.zucchiniitem":2,"stat.sneakTime":4682,"stat.pickup.minecraft.wool":4,"stat.killEntity.Zombie":1,"stat.mineBlock.harvestcraft.soggygarden":3,"stat.pickup.minecraft.yellow_flower":1,"stat.mineBlock.minecraft.stone":18,"stat.mineBlock.minecraft.tallgrass":15,"stat.useItem.harvestcraft.mulberryitem":2,"stat.craftItem.minecraft.cooked_mutton":6,"stat.diveOneCm":37015,"stat.pickup.minecraft.wheat":14,"stat.pickup.harvestcraft.garlicitem":1}