{"stat.pickup.minecraft.bone":9,"stat.craftItem.minecraft.jungle_boat":1,"stat.pickup.minecraft.stone_pressure_plate":1,"stat.entityKilledBy.Rifted_Enderman":1,"stat.useItem.cyclicmagic.emerald_sword":99,"stat.useItem.minecraft.iron_axe":1,"stat.leaveGame":2,"stat.mineBlock.minecraft.cobblestone":8,"stat.killEntity.vampirism.vampire":4,"stat.useItem.cyclicmagic.cyclic_wand_build":1,"stat.mineBlock.vampirism.altar_inspiration":1,"stat.mineBlock.minecraft.sandstone":45,"stat.mineBlock.minecraft.stained_glass":7,"stat.useItem.minecraft.mutton":6,"stat.swimOneCm":14661,"stat.pickup.quark.glass_shards":27,"stat.drop.quark.glass_shards":10,"stat.climbOneCm":5236,"stat.useItem.minecraft.planks":2,"stat.mineBlock.minecraft.web":14,"stat.mineBlock.evilcraft.dark_ore":4,"stat.pickup.minecraft.porkchop":8,"stat.useItem.harvestcraft.strawberryitem":1,"stat.useItem.minecraft.dirt":8,"stat.useItem.minecraft.stone_slab2":33,"stat.useItem.harvestcraft.barleyitem":2,"stat.useItem.quark.crab_leg":2,"stat.pickup.minecraft.rotten_flesh":11,"stat.useItem.minecraft.jungle_boat":2,"stat.useItem.minecraft.egg":1,"stat.useItem.minecraft.iron_ore":1,"stat.pickup.minecraft.name_tag":3,"stat.pickup.minecraft.cobblestone_wall":4,"stat.craftItem.minecraft.stone_pickaxe":1,"stat.pickup.minecraft.cobblestone":131,"stat.pickup.quark.black_ash":2,"stat.flyOneCm":493395,"stat.pickup.minecraft.sandstone":40,"stat.pickup.minecraft.glass_bottle":10,"tombstone:villager_killed":2,"stat.drop.minecraft.wheat_seeds":1,"stat.killEntity.Villager":2,"stat.pickup.quark.tallow":10,"stat.mineBlock.minecraft.iron_ore":56,"stat.timeSinceDeath":3082,"stat.useItem.harvestcraft.peanutitem":2,"stat.pickup.vampirism.vampire_book":1,"stat.craftItem.minecraft.wooden_pickaxe":1,"stat.entityKilledBy.vampirism.vampire":2,"stat.drop.minecraft.spider_eye":2,"stat.useItem.harvestcraft.aridgarden":1,"stat.pickup.minecraft.mutton":7,"stat.trappedChestTriggered":5,"stat.pickup.harvestcraft.onionitem":2,"stat.furnaceInteraction":26,"stat.pickup.galacticraftcore.basic_block_core":2,"stat.mineBlock.botania.flower":16,"stat.pickup.minecraft.carpet":1,"stat.killEntity.vampirism.vampire_hunter":1,"stat.mineBlock.minecraft.coal_ore":60,"stat.talkedToVillager":2,"stat.entityKilledBy.WitherSkeleton":1,"stat.pickup.botania.manaresource":4,"stat.pickup.minecraft.string":16,"stat.pickup.minecraft.beef":10,"stat.pickup.quark.crab_leg":2,"stat.pickup.minecraft.furnace":3,"stat.useItem.minecraft.cooked_mutton":1,"stat.pickup.minecraft.totem_of_undying":1,"stat.craftItem.minecraft.stone_slab2":0,"stat.mineBlock.harvestcraft.windygarden":5,"stat.useItem.minecraft.written_book":2,"stat.sprintOneCm":148711,"stat.craftItem.minecraft.stick":8,"stat.craftItem.minecraft.wooden_axe":1,"stat.pickup.quark.crab_shell":2,"stat.pickup.minecraft.acacia_door":3,"stat.useItem.cyclicmagic.crafting_food":3,"stat.pickup.harvestcraft.barleyitem":2,"stat.mineBlock.minecraft.crafting_table":2,"stat.killEntity.Husk":1,"stat.useItem.minecraft.wheat":13,"stat.pickup.botania.flower":15,"stat.entityKilledBy.Creeper":1,"stat.useItem.minecraft.beef":10,"stat.pickup.harvestcraft.mustardseedsitem":2,"stat.mineBlock.minecraft.planks":2,"stat.deaths":12,"stat.drop":18,"stat.pickup.minecraft.egg":3,"stat.playOneMinute":100187,"stat.mineBlock.minecraft.stone_pressure_plate":1,"stat.killEntity.Sheep":5,"stat.mineBlock.mysticalagriculture.prosperity_ore":1,"stat.killEntity.Zombie":12,"stat.pickup.minecraft.iron_bars":2,"stat.drop.minecraft.glass_bottle":5,"stat.mineBlock.minecraft.tallgrass":27,"stat.craftItem.minecraft.cooked_mutton":1,"stat.diveOneCm":21613,"stat.useItem.cyclicmagic.emerald_pickaxe":313,"stat.chestOpened":87,"stat.killEntity.quark:crab":2,"stat.pickup.vampirism.altar_inspiration":1,"stat.drop.minecraft.wooden_pickaxe":1,"stat.drop.quark.black_ash":1,"stat.pickup.minecraft.gravel":1,"stat.pickup.minecraft.arrow":3,"stat.killEntity.EvocationIllager":1,"stat.mineBlock.mysticalagriculture.inferium_ore":1,"stat.drop.vampirism.vampire_book":1,"stat.useItem.minecraft.porkchop":14,"stat.entityKilledBy.Vex":2,"stat.useItem.minecraft.potion":2,"stat.pickup.harvestcraft.chilipepperitem":2,"stat.useItem.minecraft.rotten_flesh":6,"stat.jump":2142,"stat.pickup.minecraft.coal":60,"stat.fallOneCm":70114,"stat.useItem.vampirism.castle_block":4,"stat.pickup.minecraft.gunpowder":1,"stat.crouchOneCm":25938,"stat.pickup.harvestcraft.peanutitem":2,"stat.pickup.minecraft.spider_eye":3,"stat.pickup.minecraft.dirt":18,"stat.pickup.evilcraft.dark_gem_crushed":2,"stat.useItem.quark.root_flower":2,"stat.entityKilledBy.evilcraft.vengeance_spirit":2,"stat.pickup.vampirism.blood_container":1,"stat.pickup.vampirism.vampire_fang":1,"stat.killEntity.furantur":3,"stat.craftingTableInteraction":3,"stat.pickup.minecraft.iron_ore":56,"stat.dropperInspected":2,"stat.useItem.cyclicmagic.inventory_food":1,"stat.boatOneCm":30878,"stat.mineBlock.minecraft.iron_bars":1,"stat.useItem.minecraft.sapling":1,"stat.mineBlock.harvestcraft.aridgarden":2,"stat.mineBlock.minecraft.glass_pane":3,"stat.pickup.minecraft.leather":7,"stat.damageTaken":4267,"stat.pickup.minecraft.feather":2,"stat.pickup.abyssalcraft.copperingot":6,"stat.mineBlock.minecraft.torch":41,"stat.mineBlock.minecraft.furnace":3,"stat.useItem.minecraft.wooden_pickaxe":32,"stat.pickup.evilcraft.dark_gem":4,"stat.pickup.minecraft.log2":2,"stat.mineBlock.minecraft.sandstone_stairs":4,"stat.useItem.harvestcraft.mustardseedsitem":2,"stat.pickup.minecraft.dye":9,"stat.pickup.mysticalagriculture.crafting":19,"stat.pickup.minecraft.planks":2,"stat.pickup.minecraft.reeds":58,"stat.killEntity.CaveSpider":3,"stat.pickup.minecraft.bed":2,"tombstone:undead_killed":18,"stat.pickup.conarm.book":1,"stat.pickup.minecraft.wheat_seeds":6,"stat.pickup.minecraft.potato":2,"stat.entityKilledBy.Zombie":1,"stat.useItem.minecraft.stone_pickaxe":78,"stat.drop.mysticalagriculture.crafting":8,"stat.pickup.waystones.waystone":2,"stat.damageDealt":10211,"stat.mineBlock.vampirism.castle_block":5,"stat.mineBlock.quark.roots_blue_flower":1,"stat.useItem.minecraft.crafting_table":5,"stat.mineBlock.minecraft.dirt":5,"stat.killEntity.VindicationIllager":4,"stat.killEntity.abyssalcraft.demonsheep":1,"stat.useItem.harvestcraft.onionitem":2,"stat.walkOneCm":155027,"stat.useItem.minecraft.torch":27,"stat.drop.minecraft.rotten_flesh":2,"stat.pickup.minecraft.crafting_table":2,"stat.pickup.minecraft.clay_ball":3,"stat.useItem.minecraft.cobblestone":69,"stat.craftItem.minecraft.crafting_table":4,"stat.mineBlock.minecraft.double_plant":1,"stat.useItem.galacticraftcore.basic_block_core":1,"stat.useItem.cyclicmagic.heart_food":2,"stat.pickup.minecraft.log":24,"stat.mineBlock.galacticraftcore.basic_block_core":2,"stat.pickup.quark.root_flower":2,"stat.pickup.minecraft.tnt":1,"stat.useItem.tombstone.gift":1,"stat.pickup.cyclicmagic.ender_pearl_reuse":1,"stat.pickup.minecraft.stone":2,"stat.pickup.harvestcraft.aridgarden":2,"stat.drop.minecraft.sapling":1,"stat.pickup.minecraft.sapling":3,"stat.killEntity.Skeleton":3,"stat.pickup.vampirism.castle_block":9,"stat.mineBlock.minecraft.stonebrick":1,"stat.craftItem.minecraft.planks":64,"stat.killEntity.Spider":6,"stat.pickup.harvestcraft.strawberryitem":1,"stat.killEntity.WitherSkeleton":2,"stat.mineBlock.waystones.waystone":2,"stat.mobKills":56,"stat.pickup.minecraft.book":6,"stat.mineBlock.minecraft.log":16,"stat.mineBlock.minecraft.bookshelf":2,"stat.useItem.minecraft.cobblestone_wall":3,"stat.mineBlock.minecraft.leaves":9,"stat.pickup.minecraft.torch":43,"stat.sneakTime":11076,"stat.pickup.minecraft.wool":6,"stat.mineBlock.minecraft.cobblestone_wall":6,"stat.pickup.evilcraft.werewolf_flesh":1,"stat.useItem.minecraft.wooden_axe":48,"stat.pickup.minecraft.yellow_flower":1,"stat.pickup.minecraft.jungle_boat":1,"stat.mineBlock.minecraft.stone":115}