{"stat.pickup.abyssalcraft.coralium":50,"stat.pickup.minecraft.bone":2,"stat.pickup.draconicevolution.draconium_dust":48,"stat.leaveGame":1,"stat.pickup.evilcraft.blood_extractor":1,"stat.mineBlock.minecraft.cobblestone":3,"stat.useItem.minecraft.diamond_sword":53,"stat.swimOneCm":1422,"stat.pickup.minecraft.cooked_porkchop":13,"stat.mineBlock.evilcraft.dark_ore":4,"stat.pickup.minecraft.porkchop":4,"stat.useItem.minecraft.stone_slab2":12,"stat.pickup.minecraft.rotten_flesh":17,"stat.killEntity.artifacts.mimic":1,"stat.killEntity.abyssalcraft.abyssalzombie":1,"stat.pickup.minecraft.cobblestone":2164,"stat.pickup.quark.black_ash":2,"stat.mineBlock.minecraft.clay":31,"stat.flyOneCm":33233,"stat.pickup.minecraft.clay":31,"stat.killEntity.Witch":1,"stat.pickup.quark.tallow":22,"stat.pickup.minecraft.redstone":73,"stat.mineBlock.minecraft.iron_ore":47,"stat.timeSinceDeath":45410,"stat.pickup.structurize.sceptersteel":1,"stat.pickup.harvestcraft.cherryitem":1,"stat.pickup.galacticraftcore.basic_block_core":122,"stat.useItem.minecraft.cooked_porkchop":13,"stat.mineBlock.minecraft.coal_ore":56,"stat.mineBlock.compressed_ores.compressedcoalore":22,"stat.pickup.abyssalcraft.nitre":2,"stat.sprintOneCm":11669,"stat.useItem.minecraft.diamond_shovel":37,"stat.pickup.minecraft.skull":2,"stat.useItem.cyclicmagic.crafting_food":1,"stat.pickup.quark.crab_shell":2,"stat.mineBlock.minecraft.diamond_ore":4,"stat.craftItem.evilcraft.blood_extractor":5,"stat.pickup.minecraft.grass":2,"stat.useItem.minecraft.diamond_pickaxe":309,"stat.pickup.minecraft.egg":1,"stat.playOneMinute":45410,"stat.mineBlock.mysticalagriculture.prosperity_ore":14,"stat.killEntity.Zombie":4,"stat.mineBlock.minecraft.tallgrass":1,"stat.diveOneCm":1827,"stat.killEntity.quark:crab":3,"stat.pickup.botania.mushroom":1,"stat.useItem.minecraft.diamond_axe":106,"stat.mineBlock.abyssalcraft.nitreore":1,"stat.mineBlock.mysticalagriculture.inferium_ore":29,"stat.mineBlock.botania.mushroom":1,"stat.useItem.minecraft.rotten_flesh":4,"stat.jump":183,"stat.pickup.minecraft.coal":138,"stat.fallOneCm":14771,"stat.mineBlock.quark.monster_box":1,"stat.pickup.minecraft.gunpowder":4,"stat.crouchOneCm":13978,"stat.pickup.minecraft.dirt":4,"stat.pickup.evilcraft.dark_gem_crushed":14,"stat.craftingTableInteraction":2,"stat.pickup.minecraft.iron_ore":77,"stat.useItem.cyclicmagic.inventory_food":1,"stat.pickup.minecraft.leaves":22,"stat.damageTaken":1132,"stat.pickup.minecraft.leather":5,"stat.mineBlock.minecraft.torch":1,"stat.pickup.evilcraft.dark_gem":11,"stat.pickup.mysticalagriculture.crafting":182,"stat.pickup.artifacts.thorn_pendant":1,"tombstone:undead_killed":8,"stat.damageDealt":3474,"stat.pickup.baubles.ring":1,"stat.killEntity.Cow":2,"stat.mineBlock.quark.roots_blue_flower":3,"stat.mineBlock.minecraft.dirt":6,"stat.killEntity.Pig":4,"stat.walkOneCm":42613,"stat.useItem.minecraft.torch":22,"stat.pickup.minecraft.stick":1,"stat.useItem.minecraft.cobblestone":4,"stat.mineBlock.draconicevolution.draconium_ore":8,"stat.pickup.minecraft.log":93,"stat.mineBlock.xo.xp_ore":31,"stat.mineBlock.galacticraftcore.basic_block_core":140,"stat.pickup.quark.root_flower":4,"stat.pickup.galacticraftcore.basic_item":50,"stat.pickup.usefulbackpacks.backpack":1,"stat.useItem.structurize.shapetool":1,"stat.pickup.minecraft.sapling":7,"stat.pickup.minecraft.cooked_beef":8,"stat.pickup.eplus.decorative_book":1,"stat.mineBlock.compressed_ores.compressedironore":30,"stat.pickup.quark.root":1,"stat.mineBlock.abyssalcraft.coraliumore":13,"stat.mobKills":27,"stat.killEntity.Boulderer":3,"stat.mineBlock.minecraft.log":77,"stat.pickup.props.props":1,"stat.pickup.minecraft.diamond":7,"stat.mineBlock.minecraft.leaves":26,"stat.pickup.quark.cooked_crab_leg":10,"stat.pickup.minecraft.torch":4,"stat.mineBlock.minecraft.redstone_ore":27,"stat.sneakTime":5474,"stat.pickup.minecraft.wool":2,"tombstone:steal_effect":1,"stat.mineBlock.minecraft.stone":2445}