{"stat.walkOneCm":30130,"stat.useItem.minecraft.torch":8,"stat.pickup.minecraft.bone":2,"stat.killEntity.quark:crab":3,"stat.pickup.botania.mushroom":1,"stat.leaveGame":1,"stat.pickup.evilcraft.blood_extractor":1,"stat.mineBlock.minecraft.cobblestone":3,"stat.useItem.minecraft.diamond_axe":106,"stat.mineBlock.abyssalcraft.nitreore":1,"stat.pickup.harvestcraft.cherryitem":1,"stat.pickup.galacticraftcore.basic_block_core":87,"stat.useItem.minecraft.cooked_porkchop":9,"stat.mineBlock.mysticalagriculture.inferium_ore":28,"stat.mineBlock.minecraft.coal_ore":11,"stat.useItem.minecraft.diamond_sword":46,"stat.pickup.minecraft.log":93,"stat.pickup.abyssalcraft.nitre":2,"stat.mineBlock.botania.mushroom":1,"stat.mineBlock.xo.xp_ore":14,"stat.swimOneCm":1422,"stat.jump":110,"stat.mineBlock.galacticraftcore.basic_block_core":86,"stat.pickup.minecraft.coal":21,"stat.fallOneCm":9476,"stat.mineBlock.quark.monster_box":1,"stat.pickup.quark.root_flower":4,"stat.pickup.minecraft.cooked_porkchop":13,"stat.pickup.usefulbackpacks.backpack":1,"stat.mineBlock.evilcraft.dark_ore":2,"stat.pickup.minecraft.porkchop":4,"stat.pickup.minecraft.gunpowder":1,"stat.crouchOneCm":6715,"stat.useItem.structurize.shapetool":1,"stat.pickup.minecraft.sapling":7,"stat.pickup.minecraft.dirt":4,"stat.pickup.evilcraft.dark_gem_crushed":3,"stat.sprintOneCm":10100,"stat.useItem.minecraft.diamond_shovel":37,"stat.useItem.minecraft.stone_slab2":11,"stat.pickup.minecraft.cooked_beef":8,"stat.pickup.minecraft.skull":1,"stat.craftingTableInteraction":2,"stat.pickup.eplus.decorative_book":1,"stat.pickup.minecraft.iron_ore":60,"stat.pickup.minecraft.rotten_flesh":11,"stat.useItem.cyclicmagic.crafting_food":1,"stat.pickup.quark.crab_shell":2,"stat.useItem.cyclicmagic.inventory_food":1,"stat.pickup.minecraft.leaves":22,"stat.mineBlock.compressed_ores.compressedironore":30,"stat.killEntity.artifacts.mimic":1,"stat.craftItem.evilcraft.blood_extractor":5,"stat.killEntity.abyssalcraft.abyssalzombie":1,"stat.pickup.minecraft.grass":2,"stat.damageTaken":612,"stat.pickup.minecraft.leather":5,"stat.pickup.quark.root":1,"stat.useItem.minecraft.diamond_pickaxe":167,"stat.pickup.evilcraft.dark_gem":6,"stat.mobKills":22,"stat.pickup.minecraft.cobblestone":975,"stat.killEntity.Boulderer":1,"stat.mineBlock.minecraft.log":77,"stat.pickup.quark.black_ash":2,"stat.pickup.mysticalagriculture.crafting":139,"stat.mineBlock.minecraft.clay":31,"stat.flyOneCm":26192,"stat.pickup.minecraft.clay":31,"stat.pickup.artifacts.thorn_pendant":1,"stat.pickup.props.props":1,"tombstone:undead_killed":5,"stat.mineBlock.minecraft.leaves":26,"stat.pickup.minecraft.egg":1,"stat.pickup.quark.cooked_crab_leg":10,"stat.playOneMinute":37396,"stat.mineBlock.mysticalagriculture.prosperity_ore":2,"stat.sneakTime":2737,"stat.pickup.minecraft.wool":2,"stat.pickup.quark.tallow":22,"stat.damageDealt":3088,"stat.pickup.baubles.ring":1,"stat.mineBlock.minecraft.iron_ore":30,"stat.killEntity.Zombie":3,"stat.timeSinceDeath":37396,"stat.killEntity.Cow":2,"stat.mineBlock.quark.roots_blue_flower":3,"stat.mineBlock.minecraft.dirt":6,"stat.killEntity.Pig":4,"stat.mineBlock.minecraft.stone":979,"stat.mineBlock.minecraft.tallgrass":1,"stat.diveOneCm":1827,"stat.pickup.structurize.sceptersteel":1}