{"stat.pickup.tconstruct.book":6,"stat.craftItem.minecraft.diamond_chestplate":1,"stat.pickup.minecraft.bone":198,"stat.useItem.harvestcraft.rhubarbitem":2,"stat.craftItem.minecraft.diamond_leggings":1,"stat.useItem.harvestcraft.garlicitem":1,"stat.leaveGame":2,"stat.pickup.minecraft.stone_pickaxe":16,"stat.mineBlock.minecraft.yellow_flower":1,"stat.useItem.harvestcraft.milletitem":2,"stat.mineBlock.minecraft.brown_mushroom":1,"stat.killEntity.vampirism.vampire":9,"stat.useItem.minecraft.diamond_sword":89,"stat.pickup.backpack.bound_leather":18,"stat.drop.minecraft.iron_nugget":2,"stat.craftItem.minecraft.diamond_helmet":1,"stat.swimOneCm":36702,"stat.useItem.minecraft.planks":15,"stat.mineBlock.minecraft.web":1,"stat.mineBlock.evilcraft.dark_ore":3,"stat.entityKilledBy.abyssalcraft.evilpig":1,"stat.pickup.harvestcraft.okraitem":1,"stat.useItem.minecraft.dirt":19,"stat.useItem.harvestcraft.tomatoitem":1,"stat.useItem.minecraft.stone_slab2":25,"stat.useItem.quark.crab_leg":1,"stat.pickup.inventorypets.nugget_lapis":272,"stat.pickup.minecraft.rotten_flesh":48,"stat.pickup.minecraft.sand":24,"stat.craftItem.minecraft.furnace":2,"stat.craftItem.backpack.bound_leather":9,"stat.entityKilledBy.Spider":1,"stat.killEntity.artifacts.mimic":1,"stat.pickup.minecraft.enchanting_table":3,"stat.pickup.minecraft.name_tag":272,"stat.craftItem.minecraft.stone_pickaxe":1,"stat.useItem.botania.flower":1,"stat.craftItem.minecraft.cooked_beef":15,"stat.pickup.minecraft.cobblestone":695,"stat.pickup.harvestcraft.jicamaitem":1,"stat.pickup.inventorypets.nugget_diamond":597,"stat.pickup.minecraft.diamond_leggings":2,"stat.craftItem.minecraft.stone_sword":1,"stat.flyOneCm":347154,"stat.pickup.harvestcraft.radishitem":5,"stat.pickup.minecraft.brown_mushroom":3,"stat.mineBlock.minecraft.sand":1,"stat.killEntity.Witch":1,"stat.useItem.harvestcraft.whitemushroomitem":48,"stat.useItem.minecraft.cooked_beef":37,"stat.pickup.harvestcraft.scallionitem":273,"stat.useItem.harvestcraft.jicamaitem":1,"stat.pickup.harvestcraft.leekitem":1,"stat.mineBlock.minecraft.iron_ore":1,"stat.craftItem.minecraft.book":1,"stat.timeSinceDeath":7818,"stat.drop.harvestcraft.radishitem":2,"stat.craftItem.minecraft.wooden_pickaxe":1,"stat.pickup.minecraft.mutton":6,"stat.pickup.harvestcraft.rhubarbitem":2,"stat.pickup.harvestcraft.whitemushroomitem":99,"stat.pickup.harvestcraft.beanitem":1,"stat.furnaceInteraction":13,"stat.mineBlock.minecraft.enchanting_table":1,"stat.useItem.harvestcraft.blueberryitem":1,"stat.useItem.inventorypets.mooshroom_pet":10,"stat.pickup.harvestcraft.cherryitem":2,"stat.drop.minecraft.dirt":64,"stat.pickup.guideapi.cyclicmagic-guide":6,"stat.mineBlock.botania.flower":2,"stat.useItem.tombstone.lollipop":2,"stat.useItem.harvestcraft.leekitem":1,"stat.pickup.minecraft.wooden_sword":2,"stat.entityKilledBy.WitherSkeleton":1,"stat.pickup.minecraft.string":191,"stat.pickup.harvestcraft.turnipitem":1,"stat.pickup.minecraft.beef":37,"stat.pickup.quark.crab_leg":1,"stat.useItem.minecraft.cooked_mutton":6,"stat.entityKilledBy.Skeleton":5,"stat.craftItem.minecraft.stone_slab2":0,"stat.pickup.harvestcraft.mulberryitem":3,"stat.sprintOneCm":159219,"stat.pickup.minecraft.paper":176,"stat.craftItem.minecraft.stick":8,"stat.useItem.harvestcraft.blackberryitem":2,"stat.pickup.tombstone.lollipop":2,"stat.useItem.carryon.tile_item":1,"stat.drop.inventorypets.dubstep_pet":1,"stat.mineBlock.minecraft.crafting_table":3,"stat.pickup.inventorypets.cheetah_pet":3,"stat.useItem.minecraft.diamond_pickaxe":5,"stat.useItem.harvestcraft.turnipitem":1,"stat.useItem.harvestcraft.waterchestnutitem":1,"stat.pickup.minecraft.emerald":130,"stat.pickup.minecraft.diamond_chestplate":2,"stat.craftItem.minecraft.obsidian":33,"stat.pickup.botania.flower":3,"stat.entityKilledBy.Creeper":1,"stat.useItem.minecraft.beef":8,"stat.useItem.harvestcraft.beanitem":1,"stat.deaths":12,"stat.drop":17,"stat.playOneMinute":107791,"stat.useItem.minecraft.wooden_sword":58,"stat.useItem.harvestcraft.okraitem":1,"stat.pickup.inventorypets.nugget_obsidian":748,"stat.killEntity.Sheep":4,"stat.useItem.harvestcraft.zucchiniitem":2,"stat.craftItem.minecraft.diamond_pickaxe":1,"stat.killEntity.Zombie":7,"stat.craftItem.minecraft.dye":12,"stat.mineBlock.minecraft.tallgrass":18,"stat.craftItem.minecraft.cooked_mutton":6,"stat.diveOneCm":60526,"stat.pickup.minecraft.wheat":14,"stat.pickup.harvestcraft.garlicitem":1,"stat.chestOpened":17,"stat.pickup.harvestcraft.kaleitem":4,"stat.pickup.harvestcraft.tomatoitem":1,"stat.killEntity.quark:crab":1,"stat.drop.minecraft.wooden_pickaxe":2,"stat.pickup.minecraft.arrow":115,"stat.pickup.harvestcraft.waterchestnutitem":1,"stat.useItem.minecraft.apple":2,"stat.pickup.minecraft.obsidian":58,"stat.pickup.inventorypets.nugget_ender":398,"stat.useItem.minecraft.rotten_flesh":1,"stat.pickup.harvestcraft.blackberryitem":2,"stat.pickup.minecraft.diamond_sword":2,"stat.craftItem.minecraft.diamond_sword":1,"stat.jump":2125,"stat.fallOneCm":57513,"stat.pickup.minecraft.iron_ingot":26,"stat.useItem.harvestcraft.kaleitem":3,"stat.drop.minecraft.diamond_sword":1,"stat.pickup.minecraft.gunpowder":16,"stat.pickup.harvestcraft.milletitem":3,"stat.crouchOneCm":17275,"stat.mineBlock.harvestcraft.shadedgarden":7,"stat.craftItem.minecraft.diamond":24,"stat.craftItem.minecraft.iron_ingot":21,"stat.craftItem.minecraft.chest":8,"stat.pickup.minecraft.dirt":807,"stat.pickup.evilcraft.dark_gem_crushed":6,"stat.entityKilledBy.evilcraft.vengeance_spirit":1,"stat.pickup.vampirism.vampire_fang":3,"stat.craftingTableInteraction":36,"stat.pickup.minecraft.iron_ore":17,"stat.craftItem.abyssalcraft.ironp":9,"stat.useItem.minecraft.sapling":1,"stat.pickup.minecraft.leaves":616,"stat.pickup.minecraft.wooden_pickaxe":8,"stat.killEntity.abyssalcraft.evilsheep":1,"stat.damageTaken":4154,"stat.pickup.minecraft.leather":750,"stat.pickup.minecraft.feather":13,"stat.useItem.minecraft.wooden_pickaxe":35,"stat.pickup.harvestcraft.pawpawitem":2,"stat.pickup.evilcraft.dark_gem":35,"stat.useItem.harvestcraft.radishitem":3,"stat.pickup.harvestcraft.blueberryitem":1,"stat.craftItem.minecraft.wooden_sword":1,"stat.pickup.mysticalagriculture.crafting":400,"stat.pickup.minecraft.dye":33,"stat.pickup.minecraft.planks":4596,"stat.pickup.minecraft.reeds":1727,"tombstone:undead_killed":17,"stat.useItem.tombstone.grave_key":1,"stat.pickup.conarm.book":6,"stat.pickup.minecraft.wheat_seeds":22,"stat.useItem.minecraft.stone_pickaxe":1,"stat.drop.mysticalagriculture.crafting":1,"stat.useItem.minecraft.stone_sword":39,"stat.pickup.inventorypets.dubstep_pet":4,"stat.damageDealt":9274,"stat.useItem.harvestcraft.cherryitem":2,"stat.killEntity.Cow":7,"stat.mineBlock.minecraft.dirt":9,"stat.killEntity.abyssalcraft.demonsheep":1,"stat.walkOneCm":197701,"stat.useItem.minecraft.chest":2,"stat.pickup.minecraft.stick":43,"stat.pickup.minecraft.iron_nugget":651,"stat.pickup.minecraft.diamond_pickaxe":2,"stat.useItem.harvestcraft.spiceleafitem":3,"stat.pickup.minecraft.crafting_table":3,"stat.useItem.minecraft.cobblestone":5,"stat.craftItem.minecraft.crafting_table":6,"stat.useItem.harvestcraft.pawpawitem":2,"stat.mineBlock.minecraft.double_plant":1,"stat.pickup.inventorypets.mooshroom_pet":6,"stat.pickup.abyssalcraft.ironp":16,"stat.pickup.minecraft.log":33,"stat.pickup.inventorypets.cow_pet":15,"stat.useItem.minecraft.melon":62,"stat.craftItem.minecraft.diamond_boots":1,"stat.drop.minecraft.chicken":1,"stat.pickup.openblocks.info_book":6,"stat.useItem.tombstone.gift":1,"stat.pickup.harvestcraft.spiceleafitem":3,"stat.useItem.harvestcraft.scallionitem":60,"stat.drop.minecraft.planks":256,"stat.pickup.minecraft.chicken":7,"stat.pickup.harvestcraft.zucchiniitem":2,"stat.pickup.minecraft.sapling":33,"stat.pickup.minecraft.apple":2,"stat.pickup.minecraft.cooked_beef":54,"tombstone:eaten_lollipop":2,"stat.killEntity.Skeleton":1,"stat.craftItem.minecraft.planks":100,"stat.killEntity.Bonepile":2,"stat.pickup.guideapi.vampirism-guide":6,"stat.pickup.minecraft.diamond_helmet":2,"stat.killEntity.Spider":1,"stat.pickup.minecraft.stone_sword":11,"stat.craftItem.backpack.tanned_leather":6,"stat.mobKills":42,"stat.pickup.minecraft.diamond_boots":2,"stat.mineBlock.minecraft.log":15,"stat.pickup.minecraft.diamond":116,"stat.craftItem.minecraft.paper":63,"stat.sneakTime":6756,"stat.pickup.minecraft.wool":267,"stat.drop.minecraft.beef":3,"stat.mineBlock.harvestcraft.soggygarden":3,"stat.pickup.minecraft.yellow_flower":2,"stat.mineBlock.minecraft.stone":18,"stat.useItem.harvestcraft.mulberryitem":2,"stat.craftItem.minecraft.enchanting_table":1}