{"stat.pickup.tconstruct.book":6,"stat.chestOpened":5,"stat.pickup.harvestcraft.kaleitem":4,"stat.pickup.minecraft.bone":6,"stat.pickup.harvestcraft.tomatoitem":1,"stat.killEntity.quark:crab":1,"stat.leaveGame":2,"stat.pickup.minecraft.arrow":3,"stat.pickup.harvestcraft.waterchestnutitem":1,"stat.mineBlock.minecraft.yellow_flower":1,"stat.useItem.harvestcraft.milletitem":2,"stat.mineBlock.minecraft.brown_mushroom":1,"stat.pickup.inventorypets.nugget_ender":14,"stat.killEntity.vampirism.vampire":1,"stat.useItem.minecraft.rotten_flesh":1,"stat.pickup.harvestcraft.blackberryitem":1,"stat.swimOneCm":16331,"stat.jump":1126,"stat.fallOneCm":32468,"stat.useItem.harvestcraft.kaleitem":3,"stat.pickup.harvestcraft.milletitem":3,"stat.crouchOneCm":7373,"stat.mineBlock.harvestcraft.shadedgarden":5,"stat.pickup.harvestcraft.okraitem":1,"stat.pickup.minecraft.dirt":42,"stat.useItem.minecraft.dirt":5,"stat.useItem.minecraft.stone_slab2":9,"stat.useItem.quark.crab_leg":1,"stat.craftingTableInteraction":5,"stat.pickup.minecraft.rotten_flesh":1,"stat.pickup.minecraft.sand":1,"stat.entityKilledBy.Spider":1,"stat.pickup.minecraft.leaves":84,"stat.pickup.minecraft.wooden_pickaxe":2,"stat.damageTaken":2280,"stat.pickup.minecraft.leather":15,"stat.pickup.minecraft.name_tag":4,"stat.useItem.botania.flower":1,"stat.useItem.minecraft.wooden_pickaxe":7,"stat.useItem.harvestcraft.radishitem":3,"stat.pickup.harvestcraft.blueberryitem":1,"stat.pickup.minecraft.cobblestone":15,"stat.craftItem.minecraft.wooden_sword":1,"stat.pickup.mysticalagriculture.crafting":9,"stat.pickup.harvestcraft.jicamaitem":1,"stat.pickup.minecraft.planks":30,"stat.pickup.minecraft.reeds":149,"stat.pickup.inventorypets.nugget_diamond":20,"stat.flyOneCm":198959,"stat.pickup.harvestcraft.radishitem":5,"tombstone:undead_killed":3,"stat.useItem.tombstone.grave_key":1,"stat.pickup.minecraft.brown_mushroom":3,"stat.pickup.conarm.book":6,"stat.pickup.minecraft.wheat_seeds":4,"stat.mineBlock.minecraft.sand":1,"stat.pickup.harvestcraft.scallionitem":3,"stat.useItem.harvestcraft.jicamaitem":1,"stat.damageDealt":2151,"stat.pickup.inventorypets.dubstep_pet":3,"stat.pickup.harvestcraft.leekitem":1,"stat.timeSinceDeath":1626,"stat.drop.harvestcraft.radishitem":2,"stat.killEntity.Cow":5,"stat.mineBlock.minecraft.dirt":4,"stat.craftItem.minecraft.wooden_pickaxe":1,"stat.walkOneCm":105905,"stat.pickup.harvestcraft.whitemushroomitem":1,"stat.pickup.minecraft.stick":4,"stat.pickup.minecraft.iron_nugget":8,"stat.useItem.harvestcraft.spiceleafitem":1,"stat.pickup.minecraft.crafting_table":1,"stat.craftItem.minecraft.crafting_table":2,"stat.useItem.harvestcraft.blueberryitem":1,"stat.useItem.inventorypets.mooshroom_pet":10,"stat.pickup.guideapi.cyclicmagic-guide":6,"stat.mineBlock.minecraft.double_plant":1,"stat.mineBlock.botania.flower":2,"stat.useItem.tombstone.lollipop":1,"stat.pickup.minecraft.wooden_sword":2,"stat.entityKilledBy.WitherSkeleton":1,"stat.pickup.inventorypets.mooshroom_pet":2,"stat.pickup.minecraft.log":31,"stat.pickup.minecraft.string":4,"stat.useItem.minecraft.melon":34,"stat.pickup.minecraft.beef":27,"stat.pickup.quark.crab_leg":1,"stat.useItem.tombstone.gift":1,"stat.pickup.openblocks.info_book":6,"stat.pickup.harvestcraft.spiceleafitem":1,"stat.entityKilledBy.Skeleton":2,"stat.pickup.harvestcraft.mulberryitem":3,"stat.pickup.minecraft.sapling":27,"stat.sprintOneCm":109712,"stat.craftItem.minecraft.stick":8,"tombstone:eaten_lollipop":1,"stat.pickup.tombstone.lollipop":1,"stat.craftItem.minecraft.planks":28,"stat.pickup.guideapi.vampirism-guide":6,"stat.drop.inventorypets.dubstep_pet":1,"stat.mineBlock.minecraft.crafting_table":1,"stat.killEntity.Spider":1,"stat.useItem.harvestcraft.waterchestnutitem":1,"stat.mobKills":11,"stat.pickup.minecraft.emerald":2,"stat.mineBlock.minecraft.log":15,"stat.pickup.botania.flower":3,"stat.entityKilledBy.Creeper":1,"stat.deaths":6,"stat.drop":3,"stat.pickup.minecraft.diamond":2,"stat.playOneMinute":58291,"stat.useItem.minecraft.wooden_sword":52,"stat.useItem.harvestcraft.okraitem":1,"stat.pickup.inventorypets.nugget_obsidian":8,"stat.sneakTime":2472,"stat.killEntity.Zombie":1,"stat.mineBlock.harvestcraft.soggygarden":3,"stat.pickup.minecraft.yellow_flower":1,"stat.mineBlock.minecraft.stone":7,"stat.mineBlock.minecraft.tallgrass":14,"stat.useItem.harvestcraft.mulberryitem":2,"stat.diveOneCm":37015,"stat.pickup.minecraft.wheat":14}