{"stat.mineBlock.quark.roots_white_flower":1,"stat.pickup.abyssalcraft.coralium":178,"stat.pickup.minecraft.bone":6,"stat.pickup.draconicevolution.draconium_dust":72,"stat.leaveGame":1,"stat.pickup.evilcraft.blood_extractor":1,"stat.mineBlock.minecraft.cobblestone":4,"stat.useItem.minecraft.diamond_sword":86,"stat.swimOneCm":19339,"stat.pickup.minecraft.cooked_porkchop":27,"stat.mineBlock.evilcraft.dark_ore":17,"stat.pickup.minecraft.porkchop":4,"stat.mineBlock.quark.roots":6,"stat.useItem.minecraft.stone_slab2":15,"stat.useItem.quark.crab_leg":1,"stat.pickup.minecraft.rotten_flesh":20,"stat.killEntity.artifacts.mimic":1,"stat.killEntity.abyssalcraft.abyssalzombie":1,"stat.pickup.minecraft.cobblestone":3703,"stat.pickup.quark.black_ash":2,"stat.mineBlock.minecraft.clay":85,"stat.useItem.minecraft.anvil":1,"stat.flyOneCm":232359,"stat.pickup.minecraft.clay":85,"stat.killEntity.Witch":1,"stat.useItem.minecraft.cooked_beef":11,"stat.pickup.quark.tallow":28,"stat.pickup.minecraft.redstone":81,"stat.mineBlock.minecraft.iron_ore":167,"stat.timeSinceDeath":84357,"stat.pickup.structurize.sceptersteel":1,"stat.pickup.harvestcraft.cherryitem":1,"stat.pickup.galacticraftcore.basic_block_core":180,"stat.useItem.minecraft.cooked_porkchop":25,"stat.mineBlock.minecraft.coal_ore":287,"stat.mineBlock.compressed_ores.compressedcoalore":25,"stat.pickup.abyssalcraft.nitre":13,"stat.pickup.quark.crab_leg":2,"stat.sprintOneCm":58372,"stat.useItem.minecraft.diamond_shovel":132,"stat.pickup.minecraft.skull":5,"stat.useItem.cyclicmagic.crafting_food":1,"stat.pickup.quark.crab_shell":2,"stat.pickup.minecraft.potion":5,"stat.mineBlock.minecraft.diamond_ore":68,"stat.craftItem.evilcraft.blood_extractor":5,"stat.pickup.minecraft.grass":7,"stat.useItem.minecraft.diamond_pickaxe":770,"stat.drop":1,"stat.pickup.minecraft.egg":1,"stat.playOneMinute":84357,"stat.mineBlock.mysticalagriculture.prosperity_ore":40,"stat.useItem.minecraft.diamond_ore":63,"stat.killEntity.Zombie":4,"stat.mineBlock.minecraft.gold_ore":29,"stat.mineBlock.minecraft.tallgrass":3,"stat.diveOneCm":18077,"stat.chestOpened":1,"stat.killEntity.quark:crab":4,"stat.pickup.botania.mushroom":3,"stat.pickup.minecraft.gravel":21,"stat.useItem.minecraft.diamond_axe":106,"stat.mineBlock.abyssalcraft.nitreore":3,"stat.mineBlock.minecraft.deadbush":1,"stat.mineBlock.mysticalagriculture.inferium_ore":90,"stat.mineBlock.botania.mushroom":1,"stat.useItem.minecraft.rotten_flesh":4,"stat.drop.minecraft.cooked_porkchop":1,"stat.jump":640,"stat.pickup.minecraft.coal":651,"stat.fallOneCm":52791,"stat.mineBlock.quark.monster_box":1,"stat.pickup.minecraft.iron_ingot":5,"stat.pickup.minecraft.gunpowder":4,"stat.crouchOneCm":36848,"stat.pickup.minecraft.dirt":19,"stat.pickup.evilcraft.dark_gem_crushed":38,"stat.useItem.quark.root_flower":4,"stat.pickup.minecraft.experience_bottle":1,"stat.craftingTableInteraction":2,"stat.pickup.minecraft.iron_ore":218,"stat.useItem.cyclicmagic.inventory_food":1,"stat.killEntity.Damcell":1,"stat.pickup.minecraft.gold_ore":29,"stat.pickup.minecraft.leaves":22,"stat.damageTaken":2038,"stat.pickup.minecraft.leather":6,"stat.mineBlock.minecraft.torch":5,"stat.pickup.evilcraft.dark_gem":41,"stat.pickup.mysticalagriculture.crafting":560,"stat.pickup.minecraft.reeds":15,"stat.pickup.artifacts.thorn_pendant":1,"tombstone:undead_killed":10,"stat.mineBlock.minecraft.gravel":21,"stat.damageDealt":6284,"stat.pickup.baubles.ring":1,"stat.killEntity.Cow":2,"stat.mineBlock.quark.roots_blue_flower":3,"stat.mineBlock.minecraft.dirt":26,"stat.killEntity.Pig":6,"stat.walkOneCm":95030,"stat.useItem.minecraft.torch":65,"stat.pickup.minecraft.stick":3,"stat.pickup.minecraft.iron_nugget":3,"stat.useItem.minecraft.cobblestone":28,"stat.mineBlock.draconicevolution.draconium_ore":12,"stat.mineBlock.quark.stone_speleothem":1,"stat.pickup.minecraft.log":93,"stat.mineBlock.xo.xp_ore":83,"stat.mineBlock.galacticraftcore.basic_block_core":215,"stat.pickup.quark.root_flower":8,"stat.pickup.galacticraftcore.basic_item":87,"stat.pickup.usefulbackpacks.backpack":1,"stat.useItem.structurize.shapetool":1,"stat.pickup.minecraft.sapling":7,"stat.pickup.minecraft.cooked_beef":11,"stat.pickup.eplus.decorative_book":1,"stat.killEntity.Skeleton":1,"stat.mineBlock.compressed_ores.compressedironore":51,"stat.pickup.quark.root":1,"stat.mineBlock.abyssalcraft.coraliumore":36,"stat.mobKills":38,"stat.killEntity.Boulderer":4,"stat.mineBlock.minecraft.log":77,"stat.pickup.props.props":2,"stat.pickup.minecraft.diamond":141,"stat.mineBlock.minecraft.leaves":26,"stat.pickup.quark.cooked_crab_leg":10,"stat.pickup.minecraft.torch":8,"stat.mineBlock.minecraft.redstone_ore":36,"stat.sneakTime":11338,"stat.pickup.minecraft.wool":2,"tombstone:steal_effect":1,"stat.mineBlock.minecraft.stone":4081}