{"stat.walkOneCm":73310,"stat.pickup.minecraft.bone":5,"stat.pickup.minecraft.stick":4,"stat.useItem.minecraft.stone":2,"stat.leaveGame":1,"stat.pickup.minecraft.crafting_table":9,"stat.useItem.minecraft.log":1,"stat.useItem.minecraft.cobblestone":4,"stat.craftItem.minecraft.crafting_table":4,"stat.furnaceInteraction":10,"stat.mineBlock.minecraft.double_plant":1,"stat.killEntity.abyssalcraft.demoncow":1,"stat.pickup.minecraft.log":66,"stat.pickup.minecraft.string":2,"stat.useItem.minecraft.rotten_flesh":7,"stat.swimOneCm":5354,"stat.jump":443,"stat.useItem.minecraft.planks":16,"stat.fallOneCm":5538,"stat.pickup.minecraft.beef":6,"stat.useItem.tombstone.gift":2,"stat.pickup.minecraft.furnace":1,"stat.pickup.tombstone.crafting_ingredient":3,"stat.craftItem.minecraft.stone_slab2":0,"stat.pickup.minecraft.porkchop":1,"stat.pickup.minecraft.stone":20,"stat.crouchOneCm":393,"stat.craftItem.minecraft.iron_ingot":10,"stat.pickup.minecraft.sapling":8,"stat.pickup.minecraft.dirt":211,"stat.entityKilledBy.evilcraft.vengeance_spirit":1,"stat.useItem.minecraft.dirt":2,"stat.sprintOneCm":59758,"stat.killEntity.abyssalcraft.evilcow":1,"stat.useItem.minecraft.stone_slab2":14,"stat.killEntity.abyssalcraft.evilpig":1,"stat.craftItem.minecraft.stick":16,"stat.craftItem.minecraft.wooden_axe":1,"stat.craftingTableInteraction":14,"stat.pickup.minecraft.iron_ore":10,"stat.pickup.minecraft.rotten_flesh":24,"stat.craftItem.minecraft.furnace":1,"stat.pickup.minecraft.gold_ore":7,"stat.pickup.tombstone.gift":2,"stat.craftItem.minecraft.planks":204,"stat.pickup.minecraft.grass":2,"stat.damageTaken":2441,"stat.mineBlock.minecraft.crafting_table":6,"stat.pickup.minecraft.leather":6,"stat.killEntity.Spider":2,"stat.pickup.minecraft.name_tag":5,"stat.craftItem.minecraft.stone_pickaxe":1,"stat.mineBlock.minecraft.furnace":1,"stat.useItem.minecraft.wooden_pickaxe":38,"stat.mobKills":21,"stat.pickup.minecraft.cobblestone":130,"stat.craftItem.minecraft.wooden_sword":2,"stat.mineBlock.minecraft.log":38,"stat.entityKilledBy.Creeper":2,"stat.pickup.mysticalagriculture.crafting":7,"stat.pickup.minecraft.planks":71,"stat.craftItem.minecraft.stone_sword":1,"stat.flyOneCm":67877,"stat.deaths":8,"stat.useItem.tombstone.grave_key":2,"tombstone:undead_killed":8,"stat.mineBlock.minecraft.leaves":6,"stat.playOneMinute":39035,"stat.entityKilledBy.Zombie":1,"stat.useItem.minecraft.wooden_sword":40,"stat.useItem.minecraft.stone_pickaxe":119,"stat.sneakTime":337,"stat.craftItem.minecraft.iron_pickaxe":1,"stat.craftItem.minecraft.iron_leggings":1,"stat.useItem.minecraft.stone_sword":19,"stat.pickup.minecraft.rabbit":6,"stat.damageDealt":3628,"stat.killEntity.Rabbit":4,"stat.pickup.evilcraft.werewolf_flesh":2,"stat.mineBlock.minecraft.iron_ore":10,"stat.killEntity.Zombie":5,"stat.entityKilledBy.Bonepile":1,"stat.timeSinceDeath":2170,"stat.useItem.minecraft.wooden_axe":38,"stat.mineBlock.minecraft.dirt":16,"stat.useItem.minecraft.crafting_table":3,"stat.useItem.minecraft.iron_pickaxe":29,"stat.entityKilledBy.vampirism.vampire":2,"stat.craftItem.minecraft.wooden_pickaxe":2,"stat.mineBlock.minecraft.stone":146,"stat.mineBlock.minecraft.gold_ore":7,"stat.pickup.ancientbeasts.rifted_pearl":2,"stat.diveOneCm":6101}