{"stat.walkOneCm":51279,"stat.pickup.minecraft.bone":5,"stat.pickup.minecraft.stick":4,"stat.leaveGame":1,"stat.pickup.minecraft.crafting_table":5,"stat.useItem.minecraft.log":1,"stat.craftItem.minecraft.crafting_table":3,"stat.mineBlock.minecraft.double_plant":1,"stat.killEntity.abyssalcraft.demoncow":1,"stat.pickup.minecraft.log":62,"stat.pickup.minecraft.string":2,"stat.swimOneCm":5354,"stat.jump":319,"stat.useItem.minecraft.planks":7,"stat.fallOneCm":5059,"stat.pickup.minecraft.beef":6,"stat.pickup.tombstone.crafting_ingredient":2,"stat.pickup.minecraft.porkchop":1,"stat.crouchOneCm":393,"stat.pickup.minecraft.sapling":8,"stat.pickup.minecraft.dirt":196,"stat.entityKilledBy.evilcraft.vengeance_spirit":1,"stat.sprintOneCm":54306,"stat.killEntity.abyssalcraft.evilcow":1,"stat.useItem.minecraft.stone_slab2":9,"stat.killEntity.abyssalcraft.evilpig":1,"stat.craftItem.minecraft.stick":12,"stat.craftItem.minecraft.wooden_axe":1,"stat.craftingTableInteraction":5,"stat.pickup.minecraft.rotten_flesh":23,"stat.pickup.tombstone.gift":2,"stat.craftItem.minecraft.planks":76,"stat.pickup.minecraft.grass":2,"stat.damageTaken":2056,"stat.mineBlock.minecraft.crafting_table":2,"stat.pickup.minecraft.leather":6,"stat.killEntity.Spider":2,"stat.pickup.minecraft.name_tag":5,"stat.mobKills":18,"stat.pickup.minecraft.cobblestone":3,"stat.craftItem.minecraft.wooden_sword":2,"stat.mineBlock.minecraft.log":34,"stat.entityKilledBy.Creeper":2,"stat.pickup.mysticalagriculture.crafting":7,"stat.pickup.minecraft.planks":68,"stat.flyOneCm":58374,"stat.deaths":7,"stat.useItem.tombstone.grave_key":2,"tombstone:undead_killed":6,"stat.mineBlock.minecraft.leaves":1,"stat.playOneMinute":26435,"stat.entityKilledBy.Zombie":1,"stat.useItem.minecraft.wooden_sword":38,"stat.sneakTime":337,"stat.pickup.minecraft.rabbit":6,"stat.damageDealt":2948,"stat.killEntity.Rabbit":4,"stat.pickup.evilcraft.werewolf_flesh":2,"stat.killEntity.Zombie":3,"stat.entityKilledBy.Bonepile":1,"stat.timeSinceDeath":2284,"stat.useItem.minecraft.wooden_axe":38,"stat.mineBlock.minecraft.dirt":11,"stat.entityKilledBy.vampirism.vampire":1,"stat.pickup.ancientbeasts.rifted_pearl":2,"stat.diveOneCm":6101}