{"stat.pickup.minecraft.bone":11,"stat.craftItem.minecraft.diamond_leggings":1,"stat.useItem.cyclicmagic.emerald_sword":210,"stat.pickup.cyclicmagic.emerald_pickaxe":2,"stat.leaveGame":1,"stat.pickup.minecraft.flint":2,"stat.pickup.tconstruct.edible":15,"stat.killEntity.Blaze":10,"stat.killEntity.abyssalcraft.demonpig":2,"stat.pickup.netheroresplus.netheredlapislazuli":1,"stat.killEntity.PigZombie":10,"stat.swimOneCm":13347,"stat.climbOneCm":2547,"stat.useItem.minecraft.planks":59,"stat.mineBlock.minecraft.web":1,"stat.mineBlock.cyclicmagic.nether_iron_ore":1,"stat.pickup.minecraft.blaze_powder":4,"stat.useItem.waystones.waystone":1,"stat.useItem.minecraft.dirt":4,"stat.useItem.minecraft.stone_slab2":5,"stat.mineBlock.minecraft.nether_brick_fence":3,"stat.pickup.minecraft.rotten_flesh":11,"stat.pickup.cyclicmagic.emerald_sword":2,"stat.craftItem.minecraft.furnace":2,"stat.pickup.betternether.egg_plant":6,"stat.killEntity.archer":4,"stat.killEntity.Owlstack":1,"stat.pickup.cyclicmagic.emerald_chestplate":2,"stat.pickup.minecraft.cobblestone":45,"stat.pickup.quark.black_ash":22,"stat.pickup.minecraft.diamond_leggings":2,"stat.flyOneCm":522077,"stat.timeSinceDeath":93728,"stat.pickup.minecraft.mutton":16,"stat.useItem.minecraft.totem_of_undying":1,"stat.mineBlock.mysticalagriculture.soulstone":2,"stat.pickup.netheroresplus.netheredredstone":4,"stat.pickup.minecraft.nether_wart":24,"stat.killEntity.Netherhound":4,"stat.furnaceInteraction":4,"stat.mineBlock.netheroresplus.netherlapislazuliore":4,"stat.pickup.galacticraftcore.basic_block_core":4,"stat.killEntity.ZombieVillager":1,"stat.mineBlock.minecraft.coal_ore":59,"stat.mineBlock.minecraft.nether_brick":22,"stat.killEntity.Creeper":1,"stat.pickup.minecraft.nether_brick":17,"stat.mineBlock.compressed_ores.compressedcoalore":11,"stat.pickup.minecraft.beef":37,"stat.pickup.quark.crab_leg":2,"stat.pickup.tombstone.crafting_ingredient":2,"stat.pickup.betternether.eye_seed":4,"stat.pickup.minecraft.totem_of_undying":1,"stat.sprintOneCm":222187,"stat.mineBlock.cyclicmagic.nether_gold_ore":4,"stat.mineBlock.minecraft.stone_slab":3,"stat.pickup.minecraft.skull":1,"stat.useItem.cyclicmagic.crafting_food":1,"stat.pickup.cyclicmagic.tool_warp_home":1,"stat.mineBlock.minecraft.crafting_table":1,"stat.mineBlock.betternether.reeds_block":2,"stat.pickup.betternether.cincinnasite_pillar":2,"stat.mineBlock.minecraft.planks":5,"stat.drop":2,"stat.playOneMinute":93728,"stat.pickup.minecraft.blaze_rod":13,"stat.killEntity.Sheep":8,"stat.pickup.minecraft.slime_ball":6,"stat.mineBlock.mysticalagriculture.nether_inferium_ore":4,"stat.killEntity.Zombie":4,"stat.pickup.minecraft.netherrack":161,"stat.mineBlock.minecraft.tallgrass":11,"stat.mineBlock.netheroresplus.netherredstoneore":4,"stat.diveOneCm":17518,"stat.useItem.cyclicmagic.emerald_pickaxe":381,"stat.chestOpened":21,"stat.pickup.cyclicmagic.charm_fire":1,"stat.killEntity.quark:crab":1,"stat.mineBlock.minecraft.dark_oak_fence":1,"stat.mineBlock.minecraft.netherrack":177,"stat.pickup.minecraft.gold_nugget":20,"stat.pickup.betternether.black_bush":1,"stat.jump":1468,"stat.pickup.minecraft.coal":263,"stat.fallOneCm":117816,"stat.pickup.minecraft.iron_ingot":30,"stat.crouchOneCm":4595,"stat.pickup.minecraft.dirt":7,"stat.craftingTableInteraction":3,"stat.useItem.cyclicmagic.inventory_food":2,"stat.pickup.minecraft.nether_brick_fence":4,"stat.damageTaken":2966,"stat.useItem.quark.cooked_crab_leg":35,"stat.pickup.minecraft.feather":37,"stat.pickup.minecraft.leather":25,"stat.killEntity.tconstruct.blueslime":10,"stat.useItem.minecraft.furnace":1,"stat.pickup.betternether.reeds_block":2,"stat.pickup.mysticalagriculture.crafting":59,"tombstone:undead_killed":33,"stat.pickup.harvestcraft.peppercornitem":1,"stat.pickup.tconstruct.materials":1,"stat.mineBlock.minecraft.gravel":2,"stat.pickup.waystones.waystone":2,"stat.damageDealt":14064,"stat.sleepInBed":1,"stat.pickup.openblocks.technicolor_glasses":2,"stat.mineBlock.betternether.nether_mycelium":1,"stat.killEntity.Cow":16,"stat.mineBlock.mysticalagriculture.nether_prosperity_ore":7,"stat.mineBlock.minecraft.dirt":4,"stat.killEntity.abyssalcraft.demonsheep":2,"stat.useItem.betternether.reeds_block":1,"stat.pickup.cyclicmagic.heart_food":4,"stat.walkOneCm":220809,"stat.pickup.minecraft.stick":2,"stat.pickup.minecraft.iron_nugget":80,"stat.pickup.minecraft.crafting_table":1,"stat.craftItem.minecraft.crafting_table":1,"stat.pickup.cyclicmagic.inventory_food":1,"stat.killEntity.LavaSlime":9,"stat.pickup.cyclicmagic.sprout_seed":1,"stat.useItem.cyclicmagic.heart_food":5,"stat.killEntity.quark:foxhound":1,"stat.mineBlock.cyclicmagic.nether_emerald_ore":1,"stat.drop.minecraft.netherrack":2,"stat.pickup.minecraft.log":69,"stat.craftItem.minecraft.diamond_boots":1,"stat.mineBlock.galacticraftcore.basic_block_core":4,"stat.pickup.biomesoplenty.fleshchunk":10,"stat.pickup.minecraft.chicken":32,"stat.killEntity.Skeleton":2,"stat.craftItem.minecraft.planks":128,"stat.killEntity.Chicken":21,"stat.pickup.cyclicmagic.glove_climb":1,"stat.killEntity.Spider":3,"stat.killEntity.WitherSkeleton":12,"stat.mineBlock.biomesoplenty.flesh":10,"stat.mobKills":124,"stat.pickup.minecraft.diamond_boots":2,"stat.pickup.ancientbeasts.charred_fur":2,"stat.pickup.minecraft.diamond":44,"stat.mineBlock.minecraft.leaves":1,"stat.pickup.quark.cooked_crab_leg":35,"stat.pickup.minecraft.torch":33,"stat.mineBlock.betternether.egg_plant":5,"stat.sneakTime":1281,"stat.pickup.minecraft.wool":8,"stat.pickup.cyclicmagic.charm_void":1,"stat.pickup.minecraft.stone_slab":2,"stat.mineBlock.minecraft.stone":57}