{"stat.walkOneCm":17179,"stat.craftItem.minecraft.planks":28,"stat.leaveGame":1,"stat.pickup.minecraft.crafting_table":1,"stat.damageTaken":814,"stat.mineBlock.minecraft.crafting_table":1,"stat.craftItem.minecraft.crafting_table":1,"stat.mineBlock.minecraft.double_plant":1,"stat.mineBlock.minecraft.log":8,"stat.entityKilledBy.Creeper":1,"stat.pickup.minecraft.log":8,"stat.flyOneCm":12102,"stat.deaths":2,"stat.useItem.tombstone.grave_key":2,"stat.jump":65,"stat.swimOneCm":253,"stat.playOneMinute":14735,"stat.fallOneCm":1252,"stat.sneakTime":180,"stat.damageDealt":20,"stat.crouchOneCm":267,"stat.timeSinceDeath":7896,"stat.pickup.minecraft.dirt":2,"stat.entityKilledBy.evilcraft.vengeance_spirit":1,"stat.sprintOneCm":13679,"stat.mineBlock.minecraft.dirt":2,"stat.useItem.minecraft.stone_slab2":4,"stat.craftItem.minecraft.stick":4,"stat.craftItem.minecraft.wooden_axe":1,"stat.craftingTableInteraction":2}