{"stat.chestOpened":1,"stat.useItem.minecraft.cooked_rabbit":8,"stat.pickup.minecraft.bone":13,"stat.craftItem.minecraft.cooked_rabbit":8,"stat.useItem.minecraft.stone":6,"stat.leaveGame":1,"stat.mineBlock.minecraft.cobblestone":3,"stat.craftItem.minecraft.cooked_porkchop":2,"stat.killEntity.abyssalcraft.demoncow":1,"stat.useItem.minecraft.rotten_flesh":23,"stat.swimOneCm":6400,"stat.jump":502,"stat.pickup.minecraft.coal":18,"stat.pickup.minecraft.iron_helmet":1,"stat.useItem.minecraft.planks":16,"stat.fallOneCm":6523,"stat.pickup.minecraft.porkchop":3,"stat.crouchOneCm":3010,"stat.craftItem.minecraft.iron_ingot":10,"stat.pickup.minecraft.dirt":651,"stat.entityKilledBy.evilcraft.vengeance_spirit":1,"stat.useItem.minecraft.dirt":3,"stat.useItem.minecraft.stone_slab2":20,"stat.pickup.minecraft.iron_boots":1,"stat.craftingTableInteraction":16,"stat.pickup.minecraft.iron_ore":20,"stat.pickup.minecraft.rotten_flesh":56,"stat.craftItem.minecraft.furnace":1,"stat.pickup.minecraft.gold_ore":21,"stat.craftItem.minecraft.stone_axe":1,"stat.pickup.minecraft.leather":14,"stat.damageTaken":2551,"stat.pickup.minecraft.name_tag":17,"stat.craftItem.minecraft.stone_pickaxe":2,"stat.mineBlock.minecraft.furnace":3,"stat.useItem.minecraft.wooden_pickaxe":52,"stat.useItem.minecraft.furnace":2,"stat.craftItem.minecraft.cooked_beef":8,"stat.pickup.minecraft.cobblestone":522,"stat.craftItem.minecraft.wooden_sword":2,"stat.pickup.mysticalagriculture.crafting":17,"stat.pickup.minecraft.planks":451,"stat.pickup.minecraft.iron_leggings":2,"stat.craftItem.minecraft.stone_sword":1,"stat.flyOneCm":67977,"stat.useItem.tombstone.grave_key":2,"tombstone:undead_killed":8,"stat.entityKilledBy.Zombie":1,"stat.useItem.minecraft.stone_pickaxe":168,"stat.useItem.minecraft.cooked_beef":12,"stat.craftItem.minecraft.iron_leggings":1,"stat.useItem.minecraft.stone_sword":19,"stat.damageDealt":3665,"stat.killEntity.Rabbit":4,"stat.pickup.minecraft.redstone":41,"stat.mineBlock.minecraft.iron_ore":20,"stat.timeSinceDeath":14770,"stat.mineBlock.minecraft.dirt":16,"stat.useItem.minecraft.crafting_table":3,"stat.useItem.minecraft.iron_pickaxe":152,"stat.craftItem.minecraft.wooden_pickaxe":2,"stat.entityKilledBy.vampirism.vampire":2,"stat.walkOneCm":100349,"stat.pickup.minecraft.stick":4,"stat.drop.minecraft.rotten_flesh":16,"stat.pickup.minecraft.crafting_table":14,"stat.useItem.minecraft.log":1,"stat.useItem.minecraft.cobblestone":24,"stat.craftItem.minecraft.crafting_table":4,"stat.furnaceInteraction":23,"stat.mineBlock.minecraft.double_plant":1,"stat.useItem.minecraft.cooked_porkchop":2,"stat.mineBlock.minecraft.coal_ore":18,"stat.pickup.minecraft.shield":1,"stat.pickup.minecraft.string":2,"stat.pickup.minecraft.log":66,"stat.pickup.minecraft.beef":14,"stat.pickup.minecraft.iron_pickaxe":2,"stat.useItem.tombstone.gift":2,"stat.pickup.minecraft.furnace":5,"stat.pickup.tombstone.crafting_ingredient":13,"stat.craftItem.minecraft.stone_slab2":0,"stat.pickup.minecraft.stone":54,"stat.pickup.minecraft.sapling":8,"stat.sprintOneCm":61804,"stat.killEntity.abyssalcraft.evilcow":1,"stat.pickup.minecraft.iron_chestplate":1,"stat.killEntity.abyssalcraft.evilpig":1,"stat.pickup.minecraft.cooked_beef":4,"stat.craftItem.minecraft.stick":20,"stat.craftItem.minecraft.wooden_axe":1,"stat.pickup.tombstone.gift":2,"stat.craftItem.minecraft.planks":204,"stat.pickup.minecraft.grass":6,"stat.mineBlock.minecraft.crafting_table":7,"stat.killEntity.Spider":2,"stat.pickup.minecraft.stone_sword":2,"stat.mobKills":21,"stat.mineBlock.minecraft.log":38,"stat.entityKilledBy.Creeper":2,"stat.deaths":8,"stat.drop":16,"stat.mineBlock.minecraft.leaves":6,"stat.playOneMinute":51635,"stat.useItem.minecraft.wooden_sword":40,"stat.mineBlock.minecraft.redstone_ore":9,"stat.craftItem.minecraft.iron_pickaxe":1,"stat.sneakTime":1253,"stat.pickup.minecraft.rabbit":14,"stat.pickup.evilcraft.werewolf_flesh":6,"stat.killEntity.Zombie":5,"stat.entityKilledBy.Bonepile":1,"stat.useItem.minecraft.wooden_axe":38,"stat.mineBlock.minecraft.stone":285,"stat.mineBlock.minecraft.gold_ore":7,"stat.pickup.ancientbeasts.rifted_pearl":6,"stat.diveOneCm":6101}