{"stat.chestOpened":1,"stat.useItem.minecraft.cooked_rabbit":8,"stat.pickup.minecraft.bone":35,"stat.craftItem.minecraft.cooked_rabbit":8,"stat.entityKilledBy.Rifted_Enderman":1,"stat.useItem.minecraft.stone":7,"stat.leaveGame":1,"stat.pickup.minecraft.arrow":2,"stat.pickup.minecraft.iron_sword":2,"stat.mineBlock.minecraft.cobblestone":3,"stat.craftItem.minecraft.cooked_porkchop":2,"stat.pickup.minecraft.stone_axe":3,"stat.pickup.tconstruct.edible":4,"stat.killEntity.vampirism.vampire":1,"stat.craftItem.minecraft.wool":2,"stat.killEntity.abyssalcraft.demoncow":1,"stat.useItem.minecraft.rotten_flesh":23,"stat.craftItem.travelersbackpack.backpack_tank":2,"stat.swimOneCm":15645,"stat.jump":1386,"stat.pickup.minecraft.coal":111,"stat.pickup.minecraft.iron_helmet":2,"stat.useItem.minecraft.planks":16,"stat.fallOneCm":21551,"stat.pickup.minecraft.iron_ingot":4,"stat.drop.toughasnails.canteen":1,"stat.drop.minecraft.dye":2,"stat.useItem.minecraft.stone_axe":6,"stat.drop.minecraft.stone_sword":1,"stat.pickup.minecraft.porkchop":3,"stat.crouchOneCm":4463,"stat.pickup.minecraft.spider_eye":5,"stat.craftItem.minecraft.iron_ingot":21,"stat.pickup.artifacts.everlasting_spider_eye":1,"stat.pickup.minecraft.dirt":1166,"stat.entityKilledBy.evilcraft.vengeance_spirit":2,"stat.useItem.minecraft.dirt":8,"stat.pickup.travelersbackpack.sleeping_bag_bottom":2,"stat.useItem.minecraft.stone_slab2":21,"stat.pickup.vampirism.vampire_fang":1,"stat.pickup.minecraft.iron_boots":3,"stat.useItem.minecraft.water_bucket":1,"stat.craftingTableInteraction":30,"stat.pickup.minecraft.iron_ore":21,"stat.pickup.minecraft.rotten_flesh":56,"stat.craftItem.abyssalcraft.ironp":2,"stat.pickup.minecraft.sand":21,"stat.craftItem.minecraft.furnace":1,"stat.pickup.minecraft.gold_ore":21,"stat.entityKilledBy.Spider":1,"stat.pickup.quark.custom_chest":2,"stat.craftItem.minecraft.stone_axe":1,"stat.pickup.minecraft.leather":51,"stat.damageTaken":4305,"stat.pickup.minecraft.feather":1,"stat.pickup.minecraft.name_tag":18,"stat.drop.minecraft.bone":3,"stat.craftItem.minecraft.stone_pickaxe":2,"stat.mineBlock.minecraft.furnace":4,"stat.mineBlock.minecraft.red_flower":5,"stat.killEntity.tconstruct.blueslime":2,"stat.useItem.minecraft.wooden_pickaxe":52,"stat.useItem.minecraft.furnace":4,"stat.craftItem.minecraft.cooked_beef":30,"stat.pickup.minecraft.cobblestone":1058,"stat.craftItem.minecraft.wooden_sword":2,"stat.pickup.mysticalagriculture.crafting":53,"stat.pickup.minecraft.planks":841,"stat.pickup.minecraft.iron_leggings":5,"stat.pickup.minecraft.diamond_leggings":1,"stat.craftItem.minecraft.stone_sword":1,"stat.flyOneCm":205482,"stat.useItem.tombstone.grave_key":2,"tombstone:undead_killed":11,"stat.mineBlock.minecraft.sand":21,"stat.entityKilledBy.Zombie":1,"stat.useItem.minecraft.stone_pickaxe":168,"stat.drop.mysticalagriculture.crafting":1,"stat.useItem.minecraft.cooked_beef":12,"stat.craftItem.minecraft.iron_leggings":1,"stat.useItem.minecraft.stone_sword":107,"stat.damageDealt":6552,"stat.killEntity.Rabbit":4,"stat.craftItem.minecraft.glass":21,"stat.pickup.minecraft.redstone":123,"stat.mineBlock.minecraft.iron_ore":21,"stat.useItem.abyssalcraft.porkp":1,"stat.timeSinceDeath":4973,"stat.killEntity.Cow":11,"stat.mineBlock.minecraft.dirt":16,"stat.useItem.minecraft.crafting_table":6,"stat.useItem.minecraft.iron_pickaxe":204,"stat.craftItem.minecraft.wooden_pickaxe":2,"stat.entityKilledBy.vampirism.vampire":2,"stat.useItem.abyssalcraft.beefp":1,"stat.useItem.artifacts.everlasting_spider_eye":1,"stat.walkOneCm":277309,"stat.playerKills":1,"stat.pickup.minecraft.stick":4,"stat.drop.minecraft.rotten_flesh":16,"stat.craftItem.quark.custom_chest":1,"stat.pickup.minecraft.crafting_table":19,"stat.useItem.minecraft.log":1,"stat.pickup.backpack.tanned_leather":54,"stat.useItem.minecraft.cobblestone":31,"stat.craftItem.minecraft.crafting_table":4,"stat.furnaceInteraction":69,"stat.drop.minecraft.dirt":17,"stat.mineBlock.minecraft.double_plant":2,"stat.useItem.minecraft.cooked_porkchop":2,"stat.mineBlock.botania.flower":3,"stat.mineBlock.minecraft.coal_ore":42,"stat.pickup.minecraft.shield":2,"stat.drop.minecraft.red_flower":1,"stat.pickup.minecraft.string":15,"stat.pickup.minecraft.log":66,"stat.craftItem.abyssalcraft.chickenp":1,"stat.pickup.minecraft.beef":36,"stat.pickup.minecraft.iron_pickaxe":6,"stat.useItem.tombstone.gift":2,"stat.pickup.minecraft.furnace":6,"stat.pickup.tombstone.crafting_ingredient":33,"stat.pickup.abyssalcraft.porkp":1,"stat.entityKilledBy.Skeleton":2,"stat.craftItem.minecraft.stone_slab2":0,"stat.mineBlock.harvestcraft.windygarden":2,"stat.craftItem.minecraft.gold_ingot":14,"stat.pickup.minecraft.stone":61,"stat.pickup.minecraft.chicken":2,"stat.pickup.minecraft.sapling":8,"stat.sprintOneCm":158199,"stat.killEntity.abyssalcraft.evilcow":1,"stat.pickup.minecraft.iron_chestplate":2,"stat.killEntity.abyssalcraft.evilpig":1,"stat.pickup.minecraft.cooked_beef":46,"stat.pickup.minecraft.skull":1,"stat.craftItem.minecraft.stick":20,"stat.craftItem.minecraft.wooden_axe":1,"stat.pickup.minecraft.gold_ingot":28,"stat.craftItem.travelersbackpack.sleeping_bag_bottom":1,"stat.pickup.tombstone.gift":2,"stat.craftItem.minecraft.bucket":1,"stat.craftItem.minecraft.planks":204,"stat.pickup.minecraft.grass":14,"stat.pickup.travelersbackpack.backpack_tank":4,"stat.mineBlock.minecraft.crafting_table":8,"stat.killEntity.Spider":8,"stat.pickup.minecraft.stone_sword":4,"stat.craftItem.abyssalcraft.beefp":1,"stat.mobKills":44,"stat.pickup.minecraft.diamond_chestplate":1,"stat.mineBlock.minecraft.log":38,"stat.entityKilledBy.Creeper":2,"stat.pickup.botania.flower":3,"stat.craftItem.minecraft.cooked_chicken":1,"stat.useItem.abyssalcraft.chickenp":1,"stat.drop.tconstruct.edible":1,"stat.deaths":14,"stat.pickup.minecraft.water_bucket":2,"stat.drop":44,"stat.mineBlock.minecraft.leaves":6,"stat.playOneMinute":100235,"stat.useItem.minecraft.wooden_sword":40,"stat.pickup.minecraft.red_flower":5,"stat.pickup.abyssalcraft.dirtyplate":4,"stat.mineBlock.minecraft.redstone_ore":9,"stat.craftItem.minecraft.iron_pickaxe":1,"stat.sneakTime":2036,"stat.pickup.minecraft.wool":90,"stat.pickup.minecraft.rabbit":14,"stat.pickup.evilcraft.werewolf_flesh":6,"stat.killEntity.Zombie":8,"stat.entityKilledBy.Bonepile":1,"stat.drop.minecraft.arrow":1,"stat.craftItem.minecraft.dye":4,"stat.useItem.minecraft.wooden_axe":38,"stat.pickup.toughasnails.canteen":1,"stat.mineBlock.minecraft.stone":310,"stat.mineBlock.minecraft.gold_ore":7,"stat.pickup.ancientbeasts.rifted_pearl":14,"stat.mineBlock.minecraft.tallgrass":4,"stat.diveOneCm":35808}