{"stat.chestOpened":1,"stat.useItem.minecraft.cooked_rabbit":8,"stat.pickup.minecraft.bone":14,"stat.craftItem.minecraft.cooked_rabbit":8,"stat.useItem.minecraft.stone":7,"stat.leaveGame":1,"stat.pickup.minecraft.arrow":1,"stat.pickup.minecraft.iron_sword":1,"stat.mineBlock.minecraft.cobblestone":3,"stat.craftItem.minecraft.cooked_porkchop":2,"stat.pickup.minecraft.stone_axe":1,"stat.killEntity.vampirism.vampire":1,"stat.craftItem.minecraft.wool":2,"stat.killEntity.abyssalcraft.demoncow":1,"stat.useItem.minecraft.rotten_flesh":23,"stat.craftItem.travelersbackpack.backpack_tank":2,"stat.swimOneCm":13006,"stat.jump":1127,"stat.pickup.minecraft.coal":41,"stat.pickup.minecraft.iron_helmet":1,"stat.useItem.minecraft.planks":16,"stat.fallOneCm":14686,"stat.drop.toughasnails.canteen":1,"stat.useItem.minecraft.stone_axe":4,"stat.drop.minecraft.stone_sword":1,"stat.pickup.minecraft.porkchop":3,"stat.crouchOneCm":4114,"stat.pickup.minecraft.spider_eye":5,"stat.craftItem.minecraft.iron_ingot":21,"stat.pickup.artifacts.everlasting_spider_eye":1,"stat.pickup.minecraft.dirt":716,"stat.entityKilledBy.evilcraft.vengeance_spirit":2,"stat.useItem.minecraft.dirt":3,"stat.useItem.minecraft.stone_slab2":21,"stat.pickup.vampirism.vampire_fang":1,"stat.pickup.minecraft.iron_boots":1,"stat.useItem.minecraft.water_bucket":1,"stat.craftingTableInteraction":30,"stat.pickup.minecraft.iron_ore":21,"stat.pickup.minecraft.rotten_flesh":56,"stat.craftItem.abyssalcraft.ironp":2,"stat.pickup.minecraft.sand":21,"stat.craftItem.minecraft.furnace":1,"stat.pickup.minecraft.gold_ore":21,"stat.entityKilledBy.Spider":1,"stat.craftItem.minecraft.stone_axe":1,"stat.pickup.minecraft.leather":21,"stat.damageTaken":3821,"stat.pickup.minecraft.feather":1,"stat.pickup.minecraft.name_tag":17,"stat.craftItem.minecraft.stone_pickaxe":2,"stat.mineBlock.minecraft.furnace":4,"stat.mineBlock.minecraft.red_flower":5,"stat.useItem.minecraft.wooden_pickaxe":52,"stat.useItem.minecraft.furnace":4,"stat.craftItem.minecraft.cooked_beef":23,"stat.pickup.minecraft.cobblestone":567,"stat.craftItem.minecraft.wooden_sword":2,"stat.pickup.mysticalagriculture.crafting":21,"stat.pickup.minecraft.planks":451,"stat.pickup.minecraft.iron_leggings":2,"stat.craftItem.minecraft.stone_sword":1,"stat.flyOneCm":149396,"stat.useItem.tombstone.grave_key":2,"tombstone:undead_killed":9,"stat.mineBlock.minecraft.sand":21,"stat.entityKilledBy.Zombie":1,"stat.useItem.minecraft.stone_pickaxe":168,"stat.useItem.minecraft.cooked_beef":12,"stat.craftItem.minecraft.iron_leggings":1,"stat.useItem.minecraft.stone_sword":103,"stat.damageDealt":6410,"stat.killEntity.Rabbit":4,"stat.craftItem.minecraft.glass":21,"stat.pickup.minecraft.redstone":41,"stat.mineBlock.minecraft.iron_ore":21,"stat.useItem.abyssalcraft.porkp":1,"stat.timeSinceDeath":14187,"stat.killEntity.Cow":11,"stat.mineBlock.minecraft.dirt":16,"stat.useItem.minecraft.crafting_table":6,"stat.useItem.minecraft.iron_pickaxe":204,"stat.craftItem.minecraft.wooden_pickaxe":2,"stat.entityKilledBy.vampirism.vampire":2,"stat.useItem.artifacts.everlasting_spider_eye":1,"stat.walkOneCm":235139,"stat.playerKills":1,"stat.pickup.minecraft.stick":4,"stat.drop.minecraft.rotten_flesh":16,"stat.craftItem.quark.custom_chest":1,"stat.pickup.minecraft.crafting_table":15,"stat.useItem.minecraft.log":1,"stat.pickup.backpack.tanned_leather":18,"stat.useItem.minecraft.cobblestone":31,"stat.craftItem.minecraft.crafting_table":4,"stat.furnaceInteraction":66,"stat.mineBlock.minecraft.double_plant":2,"stat.useItem.minecraft.cooked_porkchop":2,"stat.mineBlock.botania.flower":3,"stat.mineBlock.minecraft.coal_ore":42,"stat.pickup.minecraft.shield":1,"stat.drop.minecraft.red_flower":1,"stat.pickup.minecraft.string":7,"stat.pickup.minecraft.log":66,"stat.craftItem.abyssalcraft.chickenp":1,"stat.pickup.minecraft.beef":36,"stat.pickup.minecraft.iron_pickaxe":2,"stat.useItem.tombstone.gift":2,"stat.pickup.minecraft.furnace":6,"stat.pickup.tombstone.crafting_ingredient":13,"stat.pickup.abyssalcraft.porkp":1,"stat.entityKilledBy.Skeleton":1,"stat.craftItem.minecraft.stone_slab2":0,"stat.mineBlock.harvestcraft.windygarden":2,"stat.craftItem.minecraft.gold_ingot":1,"stat.pickup.minecraft.stone":61,"stat.pickup.minecraft.chicken":2,"stat.pickup.minecraft.sapling":8,"stat.sprintOneCm":116269,"stat.killEntity.abyssalcraft.evilcow":1,"stat.pickup.minecraft.iron_chestplate":1,"stat.killEntity.abyssalcraft.evilpig":1,"stat.pickup.minecraft.cooked_beef":4,"stat.craftItem.minecraft.stick":20,"stat.craftItem.minecraft.wooden_axe":1,"stat.craftItem.travelersbackpack.sleeping_bag_bottom":1,"stat.pickup.tombstone.gift":2,"stat.craftItem.minecraft.bucket":1,"stat.craftItem.minecraft.planks":204,"stat.pickup.minecraft.grass":6,"stat.mineBlock.minecraft.crafting_table":8,"stat.killEntity.Spider":8,"stat.pickup.minecraft.stone_sword":2,"stat.mobKills":41,"stat.mineBlock.minecraft.log":38,"stat.entityKilledBy.Creeper":2,"stat.pickup.botania.flower":3,"stat.craftItem.minecraft.cooked_chicken":1,"stat.useItem.abyssalcraft.chickenp":1,"stat.deaths":12,"stat.drop":19,"stat.mineBlock.minecraft.leaves":6,"stat.playOneMinute":87635,"stat.useItem.minecraft.wooden_sword":40,"stat.pickup.minecraft.red_flower":5,"stat.mineBlock.minecraft.redstone_ore":9,"stat.craftItem.minecraft.iron_pickaxe":1,"stat.sneakTime":1673,"stat.pickup.minecraft.wool":32,"stat.pickup.minecraft.rabbit":14,"stat.pickup.evilcraft.werewolf_flesh":6,"stat.killEntity.Zombie":6,"stat.entityKilledBy.Bonepile":1,"stat.craftItem.minecraft.dye":4,"stat.useItem.minecraft.wooden_axe":38,"stat.pickup.toughasnails.canteen":1,"stat.mineBlock.minecraft.stone":310,"stat.mineBlock.minecraft.gold_ore":7,"stat.pickup.ancientbeasts.rifted_pearl":6,"stat.mineBlock.minecraft.tallgrass":4,"stat.diveOneCm":35176}