{"stat.chestOpened":1,"stat.useItem.minecraft.cooked_rabbit":8,"stat.pickup.minecraft.bone":14,"stat.craftItem.minecraft.cooked_rabbit":8,"stat.useItem.minecraft.stone":7,"stat.leaveGame":1,"stat.pickup.minecraft.arrow":1,"stat.pickup.minecraft.iron_sword":1,"stat.mineBlock.minecraft.cobblestone":3,"stat.craftItem.minecraft.cooked_porkchop":2,"stat.pickup.minecraft.stone_axe":1,"stat.killEntity.vampirism.vampire":1,"stat.killEntity.abyssalcraft.demoncow":1,"stat.useItem.minecraft.rotten_flesh":23,"stat.swimOneCm":13006,"stat.jump":990,"stat.pickup.minecraft.coal":41,"stat.pickup.minecraft.iron_helmet":1,"stat.useItem.minecraft.planks":16,"stat.fallOneCm":12747,"stat.drop.toughasnails.canteen":1,"stat.useItem.minecraft.stone_axe":4,"stat.drop.minecraft.stone_sword":1,"stat.pickup.minecraft.porkchop":3,"stat.crouchOneCm":3908,"stat.pickup.minecraft.spider_eye":5,"stat.craftItem.minecraft.iron_ingot":13,"stat.pickup.artifacts.everlasting_spider_eye":1,"stat.pickup.minecraft.dirt":716,"stat.entityKilledBy.evilcraft.vengeance_spirit":2,"stat.useItem.minecraft.dirt":3,"stat.useItem.minecraft.stone_slab2":20,"stat.pickup.vampirism.vampire_fang":1,"stat.pickup.minecraft.iron_boots":1,"stat.useItem.minecraft.water_bucket":1,"stat.craftingTableInteraction":19,"stat.pickup.minecraft.iron_ore":21,"stat.pickup.minecraft.rotten_flesh":56,"stat.craftItem.minecraft.furnace":1,"stat.pickup.minecraft.gold_ore":21,"stat.entityKilledBy.Spider":1,"stat.craftItem.minecraft.stone_axe":1,"stat.pickup.minecraft.leather":14,"stat.damageTaken":3580,"stat.pickup.minecraft.feather":1,"stat.pickup.minecraft.name_tag":17,"stat.craftItem.minecraft.stone_pickaxe":2,"stat.mineBlock.minecraft.furnace":4,"stat.useItem.minecraft.wooden_pickaxe":52,"stat.useItem.minecraft.furnace":3,"stat.craftItem.minecraft.cooked_beef":8,"stat.pickup.minecraft.cobblestone":567,"stat.craftItem.minecraft.wooden_sword":2,"stat.pickup.mysticalagriculture.crafting":17,"stat.pickup.minecraft.planks":451,"stat.pickup.minecraft.iron_leggings":2,"stat.craftItem.minecraft.stone_sword":1,"stat.flyOneCm":131192,"stat.useItem.tombstone.grave_key":2,"tombstone:undead_killed":8,"stat.entityKilledBy.Zombie":1,"stat.useItem.minecraft.stone_pickaxe":168,"stat.useItem.minecraft.cooked_beef":12,"stat.craftItem.minecraft.iron_leggings":1,"stat.useItem.minecraft.stone_sword":58,"stat.damageDealt":5294,"stat.killEntity.Rabbit":4,"stat.pickup.minecraft.redstone":41,"stat.mineBlock.minecraft.iron_ore":21,"stat.useItem.abyssalcraft.porkp":1,"stat.timeSinceDeath":2487,"stat.mineBlock.minecraft.dirt":16,"stat.useItem.minecraft.crafting_table":5,"stat.useItem.minecraft.iron_pickaxe":204,"stat.craftItem.minecraft.wooden_pickaxe":2,"stat.entityKilledBy.vampirism.vampire":2,"stat.useItem.artifacts.everlasting_spider_eye":1,"stat.walkOneCm":211981,"stat.playerKills":1,"stat.pickup.minecraft.stick":4,"stat.drop.minecraft.rotten_flesh":16,"stat.pickup.minecraft.crafting_table":15,"stat.useItem.minecraft.log":1,"stat.useItem.minecraft.cobblestone":30,"stat.craftItem.minecraft.crafting_table":4,"stat.furnaceInteraction":27,"stat.mineBlock.minecraft.double_plant":1,"stat.useItem.minecraft.cooked_porkchop":2,"stat.mineBlock.botania.flower":3,"stat.mineBlock.minecraft.coal_ore":42,"stat.pickup.minecraft.shield":1,"stat.drop.minecraft.red_flower":1,"stat.pickup.minecraft.string":7,"stat.pickup.minecraft.log":66,"stat.pickup.minecraft.beef":14,"stat.pickup.minecraft.iron_pickaxe":2,"stat.useItem.tombstone.gift":2,"stat.pickup.minecraft.furnace":6,"stat.pickup.tombstone.crafting_ingredient":13,"stat.pickup.abyssalcraft.porkp":1,"stat.entityKilledBy.Skeleton":1,"stat.craftItem.minecraft.stone_slab2":0,"stat.pickup.minecraft.stone":61,"stat.pickup.minecraft.chicken":2,"stat.pickup.minecraft.sapling":8,"stat.sprintOneCm":102930,"stat.killEntity.abyssalcraft.evilcow":1,"stat.pickup.minecraft.iron_chestplate":1,"stat.killEntity.abyssalcraft.evilpig":1,"stat.pickup.minecraft.cooked_beef":4,"stat.craftItem.minecraft.stick":20,"stat.craftItem.minecraft.wooden_axe":1,"stat.pickup.tombstone.gift":2,"stat.craftItem.minecraft.bucket":1,"stat.craftItem.minecraft.planks":204,"stat.pickup.minecraft.grass":6,"stat.mineBlock.minecraft.crafting_table":8,"stat.killEntity.Spider":8,"stat.pickup.minecraft.stone_sword":2,"stat.mobKills":30,"stat.mineBlock.minecraft.log":38,"stat.entityKilledBy.Creeper":2,"stat.pickup.botania.flower":3,"stat.deaths":12,"stat.drop":19,"stat.mineBlock.minecraft.leaves":6,"stat.playOneMinute":75935,"stat.useItem.minecraft.wooden_sword":40,"stat.pickup.minecraft.red_flower":1,"stat.mineBlock.minecraft.redstone_ore":9,"stat.craftItem.minecraft.iron_pickaxe":1,"stat.sneakTime":1617,"stat.pickup.minecraft.rabbit":14,"stat.pickup.evilcraft.werewolf_flesh":6,"stat.killEntity.Zombie":5,"stat.entityKilledBy.Bonepile":1,"stat.useItem.minecraft.wooden_axe":38,"stat.pickup.toughasnails.canteen":1,"stat.mineBlock.minecraft.stone":310,"stat.mineBlock.minecraft.gold_ore":7,"stat.pickup.ancientbeasts.rifted_pearl":6,"stat.mineBlock.minecraft.tallgrass":4,"stat.diveOneCm":35176}