{"stat.walkOneCm":17319,"stat.craftItem.minecraft.planks":16,"stat.pickup.minecraft.crafting_table":2,"stat.damageTaken":525,"stat.mineBlock.minecraft.crafting_table":2,"stat.craftItem.minecraft.crafting_table":1,"stat.mineBlock.minecraft.log":8,"stat.pickup.minecraft.log":7,"stat.flyOneCm":19592,"stat.deaths":2,"stat.useItem.tombstone.grave_key":1,"stat.jump":112,"stat.mineBlock.minecraft.leaves":2,"stat.swimOneCm":152,"stat.playOneMinute":9275,"stat.fallOneCm":4599,"stat.sneakTime":1,"stat.entityKilledBy.Skeleton":1,"stat.crouchOneCm":42,"stat.timeSinceDeath":2745,"stat.sprintOneCm":13381,"stat.mineBlock.minecraft.dirt":1,"stat.useItem.minecraft.stone_slab2":3,"stat.craftingTableInteraction":3}