{"stat.pickup.tconstruct.book":2,"stat.craftItem.vampirism.fire_place":1,"stat.walkOneCm":83184,"stat.useItem.minecraft.torch":8,"stat.pickup.minecraft.stick":6,"stat.craftItem.quark.custom_chest":1,"stat.leaveGame":1,"stat.pickup.minecraft.crafting_table":2,"stat.useItem.minecraft.glass_bottle":18,"stat.pickup.minecraft.stone_pickaxe":2,"stat.craftItem.minecraft.crafting_table":1,"stat.furnaceInteraction":17,"stat.pickup.galacticraftcore.basic_block_core":8,"stat.pickup.guideapi.cyclicmagic-guide":2,"stat.mineBlock.minecraft.coal_ore":30,"stat.mineBlock.minecraft.brown_mushroom":1,"stat.useItem.minecraft.potion":15,"stat.craftItem.minecraft.coal":3,"stat.pickup.minecraft.log":61,"stat.swimOneCm":1934,"stat.jump":561,"stat.useItem.minecraft.sand":1,"stat.mineBlock.galacticraftcore.basic_block_core":8,"stat.pickup.minecraft.coal":30,"stat.fallOneCm":18926,"stat.pickup.minecraft.beef":10,"stat.useItem.tombstone.gift":1,"stat.entityKilledBy.Skeleton":1,"stat.useItem.minecraft.stone_axe":68,"stat.craftItem.minecraft.stone_slab2":0,"stat.crouchOneCm":42,"stat.drop.minecraft.brown_mushroom":1,"stat.craftItem.minecraft.torch":4,"stat.pickup.minecraft.sapling":4,"stat.pickup.minecraft.dirt":61,"stat.useItem.minecraft.dirt":28,"stat.sprintOneCm":45585,"stat.useItem.minecraft.stone_slab2":11,"stat.craftItem.minecraft.stick":8,"stat.craftingTableInteraction":19,"stat.pickup.minecraft.rotten_flesh":10,"stat.pickup.minecraft.sand":6,"stat.craftItem.minecraft.furnace":1,"stat.craftItem.minecraft.planks":16,"stat.craftItem.toughasnails.purified_water_bottle":3,"stat.pickup.quark.custom_chest":1,"stat.pickup.guideapi.vampirism-guide":2,"stat.craftItem.minecraft.stone_axe":1,"stat.damageTaken":1228,"stat.mineBlock.minecraft.crafting_table":2,"stat.pickup.minecraft.leather":4,"stat.pickup.minecraft.name_tag":1,"stat.craftItem.minecraft.stone_pickaxe":1,"stat.mineBlock.minecraft.torch":2,"stat.useItem.minecraft.wooden_pickaxe":12,"stat.craftItem.minecraft.cooked_beef":10,"stat.pickup.minecraft.cobblestone":100,"stat.mobKills":5,"stat.mineBlock.minecraft.log":62,"stat.entityKilledBy.Creeper":1,"stat.pickup.mysticalagriculture.crafting":3,"stat.pickup.minecraft.planks":17,"stat.craftItem.minecraft.stone_sword":1,"stat.flyOneCm":78779,"stat.craftItem.minecraft.glass_bottle":3,"stat.deaths":4,"stat.useItem.tombstone.grave_key":1,"tombstone:undead_killed":1,"stat.pickup.conarm.book":2,"stat.pickup.minecraft.brown_mushroom":1,"stat.drop":1,"stat.mineBlock.minecraft.leaves":16,"stat.mineBlock.minecraft.sand":6,"stat.playOneMinute":37285,"stat.pickup.minecraft.torch":9,"stat.useItem.minecraft.stone_pickaxe":138,"stat.useItem.minecraft.cooked_beef":4,"stat.sneakTime":1,"stat.useItem.minecraft.stone_sword":8,"stat.damageDealt":668,"stat.craftItem.minecraft.glass":3,"stat.craftItem.minecraft.coal_block":1,"stat.pickup.evilcraft.werewolf_flesh":2,"stat.timeSinceDeath":19533,"stat.killEntity.Cow":4,"stat.mineBlock.minecraft.dirt":23,"stat.craftItem.minecraft.wooden_pickaxe":1,"stat.mineBlock.minecraft.stone":98,"stat.entityKilledBy.vampirism.vampire":1,"stat.mineBlock.minecraft.tallgrass":1,"stat.diveOneCm":3708}