{"stat.pickup.tconstruct.book":2,"stat.walkOneCm":32968,"stat.useItem.minecraft.torch":3,"stat.pickup.minecraft.stick":6,"stat.pickup.minecraft.crafting_table":2,"stat.pickup.minecraft.stone_pickaxe":2,"stat.craftItem.minecraft.crafting_table":1,"stat.furnaceInteraction":3,"stat.pickup.guideapi.cyclicmagic-guide":2,"stat.craftItem.minecraft.coal":1,"stat.pickup.minecraft.log":7,"stat.swimOneCm":1578,"stat.jump":380,"stat.fallOneCm":15411,"stat.useItem.tombstone.gift":1,"stat.entityKilledBy.Skeleton":1,"stat.crouchOneCm":42,"stat.craftItem.minecraft.torch":4,"stat.pickup.minecraft.sapling":1,"stat.pickup.minecraft.dirt":49,"stat.useItem.minecraft.dirt":1,"stat.sprintOneCm":40969,"stat.useItem.minecraft.stone_slab2":7,"stat.craftItem.minecraft.stick":8,"stat.craftingTableInteraction":10,"stat.pickup.minecraft.rotten_flesh":10,"stat.pickup.minecraft.sand":3,"stat.craftItem.minecraft.furnace":1,"stat.craftItem.minecraft.planks":16,"stat.pickup.guideapi.vampirism-guide":2,"stat.damageTaken":1008,"stat.mineBlock.minecraft.crafting_table":2,"stat.pickup.minecraft.name_tag":1,"stat.craftItem.minecraft.stone_pickaxe":1,"stat.useItem.minecraft.wooden_pickaxe":12,"stat.pickup.minecraft.cobblestone":14,"stat.mobKills":1,"stat.mineBlock.minecraft.log":8,"stat.entityKilledBy.Creeper":1,"stat.pickup.mysticalagriculture.crafting":3,"stat.pickup.minecraft.planks":17,"stat.craftItem.minecraft.stone_sword":1,"stat.flyOneCm":69463,"stat.deaths":4,"stat.useItem.tombstone.grave_key":1,"tombstone:undead_killed":1,"stat.pickup.conarm.book":2,"stat.mineBlock.minecraft.leaves":3,"stat.mineBlock.minecraft.sand":3,"stat.playOneMinute":20975,"stat.pickup.minecraft.torch":5,"stat.useItem.minecraft.stone_pickaxe":9,"stat.sneakTime":1,"stat.damageDealt":268,"stat.pickup.evilcraft.werewolf_flesh":2,"stat.timeSinceDeath":3223,"stat.mineBlock.minecraft.dirt":14,"stat.craftItem.minecraft.wooden_pickaxe":1,"stat.mineBlock.minecraft.stone":12,"stat.entityKilledBy.vampirism.vampire":1,"stat.mineBlock.minecraft.tallgrass":1,"stat.diveOneCm":3708}